tasa_cumplimiento,pagos_puntuales,pagos_atrasados,defaults,atraso_max_periodos,defaults_tras_cobro,antiguedad_periodos,disputas_perdidas,incumplio
1000000,5,1,0,185170,0,6,0,0
800000,4,0,1,0,1,5,0,0
750000,6,0,2,0,0,8,0,0
666666,1,1,1,765438,1,3,0,0
750000,2,1,1,392284,1,4,1,0
1000000,6,2,0,657445,0,8,0,0
500000,4,0,4,0,3,8,0,0
714285,4,1,2,1553947,1,7,0,1
1000000,1,0,0,0,0,1,0,0
333333,1,1,4,676120,3,6,0,0
1000000,5,0,0,0,0,5,0,0
1000000,4,1,0,174344,0,5,0,0
750000,1,2,1,782188,0,4,0,0
1000000,7,0,0,0,0,7,0,0
1000000,5,0,0,0,0,5,0,0
750000,4,2,2,1365684,1,8,0,1
625000,3,2,3,635974,2,8,0,0
1000000,6,0,0,0,0,6,0,0
833333,3,2,1,1611382,1,6,0,1
875000,7,0,1,0,1,8,0,0
1000000,3,0,0,0,0,3,0,0
1000000,7,0,0,0,0,7,0,0
1000000,0,0,0,0,0,0,0,0
333333,0,1,2,536982,0,3,0,0
750000,2,1,1,236349,0,4,0,0
500000,4,0,4,0,2,8,0,1
600000,2,1,2,313968,0,5,0,0
625000,5,0,3,0,3,8,1,0
1000000,2,3,0,1775925,0,5,3,0
1000000,6,0,0,0,0,6,0,0
857142,5,1,1,265401,1,7,0,0
800000,4,0,1,0,0,5,0,0
1000000,4,1,0,52414,0,5,0,0
571428,4,0,3,0,2,7,0,0
1000000,4,1,0,333447,0,5,0,0
1000000,6,1,0,594573,0,7,0,1
1000000,1,2,0,1524841,0,3,0,0
500000,0,4,4,1630362,4,8,0,1
800000,3,1,1,210270,1,5,0,0
500000,1,1,2,1018289,0,4,0,0
800000,3,1,1,297163,1,5,0,0
750000,1,2,1,923468,1,4,0,0
166666,0,1,5,2065570,5,6,0,0
333333,1,0,2,0,1,3,0,1
600000,3,0,2,0,0,5,0,0
714285,4,1,2,1318463,2,7,0,0
0,0,0,3,0,3,3,0,0
833333,3,2,1,1016079,1,6,0,0
1000000,3,0,0,0,0,3,0,0
428571,2,1,4,1004553,4,7,0,0
500000,1,0,1,0,0,2,0,0
1000000,6,2,0,377811,0,8,0,0
500000,1,1,2,615079,2,4,0,0
1000000,8,0,0,0,0,8,0,0
1000000,6,1,0,525227,0,7,0,0
1000000,5,0,0,0,0,5,0,0
500000,3,0,3,0,1,6,3,1
1000000,8,0,0,0,0,8,0,0
1000000,2,0,0,0,0,2,0,0
1000000,6,0,0,0,0,6,0,0
833333,5,0,1,0,0,6,0,0
1000000,2,0,0,0,0,2,0,0
1000000,7,1,0,240551,0,8,0,1
333333,0,2,4,1359932,3,6,3,0
1000000,4,0,0,0,0,4,0,0
714285,5,0,2,0,0,7,0,0
1000000,4,1,0,1476042,0,5,0,0
600000,3,0,2,0,2,5,0,0
800000,2,2,1,1611374,1,5,0,1
1000000,5,1,0,1228291,0,6,0,0
750000,3,0,1,0,0,4,0,0
714285,2,3,2,1512097,2,7,0,0
500000,2,0,2,0,1,4,0,1
800000,4,0,1,0,1,5,0,0
400000,0,2,3,1931143,3,5,0,1
857142,3,3,1,1227436,1,7,0,0
666666,1,3,2,1430909,2,6,2,1
1000000,4,1,0,683087,0,5,0,0
857142,5,1,1,1082914,0,7,0,0
1000000,3,1,0,778977,0,4,0,0
800000,4,0,1,0,0,5,0,0
750000,2,1,1,749086,0,4,0,0
571428,2,2,3,519016,2,7,0,0
1000000,5,0,0,0,0,5,0,0
714285,4,1,2,107064,0,7,0,0
600000,1,2,2,1565983,0,5,0,0
666666,2,2,2,1278176,2,6,0,0
857142,5,1,1,569131,1,7,0,0
1000000,7,1,0,938462,0,8,2,0
833333,5,0,1,0,1,6,0,0
1000000,1,1,0,1303934,0,2,0,1
750000,4,2,2,2188878,2,8,0,0
571428,3,1,3,38518,2,7,0,0
400000,2,0,3,0,0,5,0,1
1000000,2,0,0,0,0,2,0,0
875000,5,2,1,671457,1,8,0,0
800000,3,1,1,1195387,1,5,0,0
714285,4,1,2,607648,0,7,2,0
1000000,5,0,0,0,0,5,0,0
1000000,4,0,0,0,0,4,0,0
500000,1,0,1,0,0,2,0,0
1000000,6,0,0,0,0,6,0,0
1000000,3,2,0,345899,0,5,0,0
1000000,4,0,0,0,0,4,0,0
833333,3,2,1,466549,1,6,1,0
571428,3,1,3,578536,3,7,0,1
1000000,3,0,0,0,0,3,0,0
1000000,4,0,0,0,0,4,0,0
500000,1,3,4,1018912,3,8,2,1
1000000,7,0,0,0,0,7,0,0
1000000,5,3,0,217089,0,8,0,0
714285,2,3,2,2307134,2,7,0,1
1000000,5,1,0,52496,0,6,0,0
666666,3,1,2,877302,1,6,0,0
1000000,4,2,0,1640152,0,6,0,0
833333,5,0,1,0,1,6,0,0
1000000,5,0,0,0,0,5,0,0
1000000,4,0,0,0,0,4,0,0
800000,1,3,1,1644790,1,5,0,0
750000,3,3,2,755444,2,8,0,0
1000000,2,0,0,0,0,2,1,0
1000000,2,1,0,1147444,0,3,0,0
800000,3,1,1,422671,0,5,0,0
1000000,6,0,0,0,0,6,0,0
666666,1,1,1,743527,0,3,1,0
750000,5,1,2,802382,1,8,0,0
625000,3,2,3,405816,2,8,0,1
333333,1,1,4,68455,0,6,0,0
1000000,2,0,0,0,0,2,0,0
1000000,6,2,0,1211769,0,8,0,0
857142,4,2,1,1331999,1,7,0,0
1000000,7,1,0,556704,0,8,0,0
1000000,6,0,0,0,0,6,0,0
500000,1,0,1,0,1,2,0,0
1000000,3,0,0,0,0,3,0,0
1000000,2,0,0,0,0,2,0,0
1000000,6,0,0,0,0,6,0,0
857142,6,0,1,0,0,7,0,0
500000,2,0,2,0,2,4,0,0
333333,1,0,2,0,1,3,0,1
666666,4,0,2,0,2,6,0,0
750000,1,5,2,1550183,2,8,0,0
750000,6,0,2,0,2,8,0,1
0,0,0,2,0,2,2,0,0
571428,4,0,3,0,1,7,0,1
1000000,4,1,0,215258,0,5,0,0
1000000,4,4,0,1155943,0,8,0,0
750000,4,2,2,1031442,2,8,0,0
1000000,7,0,0,0,0,7,0,0
750000,2,1,1,342384,1,4,0,0
500000,2,0,2,0,1,4,0,0
750000,4,2,2,427022,0,8,0,0
750000,1,2,1,1450391,0,4,0,0
1000000,4,0,0,0,0,4,0,0
833333,5,0,1,0,0,6,0,0
1000000,1,1,0,768489,0,2,0,0
750000,2,1,1,1219817,1,4,2,0
1000000,2,2,0,1021539,0,4,3,0
857142,4,2,1,1135381,1,7,0,0
666666,3,1,2,214656,2,6,0,0
625000,0,5,3,884145,3,8,0,0
1000000,1,0,0,0,0,1,3,0
600000,1,2,2,1181764,1,5,2,1
714285,2,3,2,1481023,2,7,0,1
750000,3,0,1,0,0,4,0,0
833333,5,0,1,0,0,6,2,0
666666,0,2,1,1314872,0,3,0,1
833333,5,0,1,0,1,6,0,0
1000000,6,0,0,0,0,6,0,0
600000,2,1,2,1601000,0,5,0,0
500000,3,1,4,856339,4,8,0,1
666666,4,0,2,0,0,6,0,0
666666,2,0,1,0,0,3,0,0
1000000,4,0,0,0,0,4,0,0
666666,3,1,2,1612906,1,6,0,0
1000000,3,1,0,179185,0,4,0,0
1000000,4,1,0,690463,0,5,0,0
1000000,3,1,0,300641,0,4,0,0
1000000,1,0,0,0,0,1,0,0
1000000,5,1,0,52919,0,6,0,0
1000000,3,0,0,0,0,3,0,0
500000,2,2,4,1601792,2,8,0,1
750000,3,3,2,1397713,2,8,0,0
857142,2,4,1,1124625,1,7,0,0
600000,2,1,2,797966,0,5,0,0
1000000,5,0,0,0,0,5,0,0
1000000,2,1,0,1035555,0,3,0,0
833333,4,1,1,1183968,0,6,0,0
666666,1,3,2,1469370,0,6,0,0
600000,3,0,2,0,0,5,0,0
714285,3,2,2,453039,1,7,0,0
333333,1,0,2,0,1,3,1,0
285714,1,1,5,1044942,0,7,0,1
500000,0,1,1,866490,0,2,0,0
500000,1,0,1,0,0,2,0,0
1000000,0,0,0,0,0,0,0,0
1000000,1,0,0,0,0,1,0,0
666666,1,1,1,769724,0,3,3,1
1000000,4,2,0,744776,0,6,0,0
800000,4,0,1,0,0,5,0,0
1000000,5,1,0,444695,0,6,1,0
800000,2,2,1,1352640,0,5,0,0
833333,1,4,1,2157393,1,6,0,1
1000000,4,0,0,0,0,4,0,0
1000000,2,0,0,0,0,2,0,0
333333,0,1,2,288631,1,3,0,1
0,0,0,2,0,2,2,0,0
600000,0,3,2,2343734,2,5,0,1
833333,5,0,1,0,1,6,0,0
1000000,2,0,0,0,0,2,0,0
875000,6,1,1,323401,1,8,0,0
1000000,6,2,0,915702,0,8,0,0
800000,4,0,1,0,1,5,0,0
800000,4,0,1,0,0,5,0,0
1000000,5,0,0,0,0,5,0,0
1000000,1,1,0,1929696,0,2,0,0
875000,7,0,1,0,1,8,0,0
1000000,2,1,0,810153,0,3,0,0
250000,0,2,6,1473257,6,8,1,1
1000000,7,0,0,0,0,7,0,0
1000000,4,1,0,346440,0,5,0,0
750000,5,1,2,1625890,0,8,0,0
1000000,3,0,0,0,0,3,0,0
800000,3,1,1,561126,1,5,0,0
714285,2,3,2,1084804,2,7,0,0
875000,5,2,1,1001922,1,8,0,0
875000,4,3,1,935351,1,8,0,0
1000000,6,1,0,603566,0,7,0,0
600000,2,1,2,877338,1,5,0,0
625000,2,3,3,1608351,2,8,0,0
1000000,5,1,0,255163,0,6,0,0
250000,0,1,3,471144,3,4,1,1
1000000,7,0,0,0,0,7,0,0
1000000,0,0,0,0,0,0,0,0
375000,1,2,5,1606151,4,8,0,1
1000000,5,2,0,1436818,0,7,0,0
714285,1,4,2,1567657,1,7,0,1
750000,3,0,1,0,1,4,0,0
1000000,2,0,0,0,0,2,0,0
750000,4,2,2,319786,2,8,0,0
500000,2,1,3,131786,0,6,0,0
666666,2,2,2,1373759,2,6,0,1
833333,5,0,1,0,0,6,0,0
1000000,7,0,0,0,0,7,0,0
1000000,8,0,0,0,0,8,0,0
500000,3,0,3,0,3,6,0,1
625000,2,3,3,1277863,3,8,0,1
800000,2,2,1,892803,1,5,0,1
1000000,1,2,0,1378061,0,3,0,0
833333,0,5,1,1689377,1,6,0,1
333333,0,1,2,144339,2,3,0,0
875000,5,2,1,746624,0,8,0,0
857142,4,2,1,1905157,0,7,0,1
1000000,6,2,0,1188466,0,8,0,0
1000000,6,1,0,876333,0,7,0,0
800000,3,1,1,1457732,0,5,0,0
625000,2,3,3,1168437,3,8,0,0
571428,3,1,3,1219119,2,7,0,1
714285,3,2,2,834423,0,7,0,1
1000000,7,1,0,1120112,0,8,0,0
600000,1,2,2,1529508,2,5,0,1
1000000,3,0,0,0,0,3,0,0
1000000,1,1,0,132414,0,2,0,0
857142,3,3,1,439680,1,7,0,1
1000000,6,0,0,0,0,6,0,0
714285,4,1,2,151905,2,7,0,0
1000000,4,1,0,828795,0,5,0,0
0,0,0,2,0,0,2,1,0
857142,6,0,1,0,1,7,0,0
800000,2,2,1,280585,1,5,3,0
1000000,3,0,0,0,0,3,0,0
1000000,4,2,0,1399016,0,6,0,0
750000,3,0,1,0,1,4,0,0
1000000,7,1,0,543392,0,8,0,0
750000,1,5,2,1426774,2,8,0,0
800000,4,0,1,0,0,5,0,0
375000,3,0,5,0,1,8,0,1
1000000,7,0,0,0,0,7,0,0
1000000,7,0,0,0,0,7,0,0
800000,3,1,1,788980,0,5,0,1
750000,1,5,2,1769725,1,8,0,1
571428,4,0,3,0,1,7,0,0
666666,3,1,2,248925,2,6,3,0
571428,2,2,3,791227,3,7,0,1
875000,7,0,1,0,1,8,2,0
800000,3,1,1,304259,1,5,0,0
1000000,8,0,0,0,0,8,0,0
625000,4,1,3,1515788,1,8,0,0
1000000,1,2,0,1746481,0,3,0,1
1000000,4,0,0,0,0,4,0,0
833333,5,0,1,0,0,6,1,0
1000000,3,0,0,0,0,3,1,0
666666,1,3,2,2286377,1,6,0,0
625000,2,3,3,1178800,2,8,0,1
750000,4,2,2,310791,1,8,0,0
1000000,2,0,0,0,0,2,0,0
833333,3,2,1,734115,0,6,0,0
714285,4,1,2,505296,0,7,0,0
800000,3,1,1,658790,1,5,0,0
1000000,4,0,0,0,0,4,0,0
1000000,3,1,0,699238,0,4,0,0
1000000,8,0,0,0,0,8,0,0
1000000,3,1,0,151006,0,4,0,0
714285,4,1,2,71392,2,7,0,1
400000,1,1,3,2211338,1,5,0,0
1000000,3,0,0,0,0,3,0,0
1000000,7,1,0,638129,0,8,0,0
625000,4,1,3,1689200,1,8,0,0
1000000,5,0,0,0,0,5,0,0
666666,1,1,1,972494,0,3,0,1
714285,5,0,2,0,2,7,0,0
125000,1,0,7,0,4,8,0,0
714285,1,4,2,1238855,2,7,0,0
1000000,7,0,0,0,0,7,0,0
875000,5,2,1,1036278,1,8,0,0
1000000,1,0,0,0,0,1,0,0
714285,2,3,2,749789,2,7,0,0
1000000,5,1,0,132223,0,6,0,0
833333,4,1,1,314800,1,6,0,0
1000000,2,1,0,114270,0,3,0,0
1000000,3,0,0,0,0,3,0,0
714285,5,0,2,0,1,7,0,0
800000,4,0,1,0,1,5,0,0
0,0,0,2,0,2,2,0,1
857142,6,0,1,0,0,7,0,0
625000,3,2,3,624432,2,8,0,0
333333,0,2,4,623716,4,6,0,0
1000000,5,1,0,765670,0,6,0,0
1000000,6,1,0,1017146,0,7,0,0
125000,0,1,7,1447675,7,8,0,1
1000000,1,0,0,0,0,1,0,0
750000,4,2,2,884209,0,8,0,0
750000,1,5,2,922584,2,8,0,0
1000000,4,0,0,0,0,4,0,0
800000,4,0,1,0,0,5,0,0
625000,3,2,3,458515,2,8,0,0
750000,3,0,1,0,0,4,0,0
857142,5,1,1,445217,0,7,0,0
833333,5,0,1,0,0,6,0,0
1000000,2,4,0,1139527,0,6,0,0
333333,1,0,2,0,0,3,0,0
1000000,6,0,0,0,0,6,0,0
857142,4,2,1,423488,0,7,0,0
800000,4,0,1,0,0,5,0,0
0,0,0,4,0,1,4,0,0
875000,6,1,1,193204,0,8,0,0
625000,5,0,3,0,3,8,1,0
1000000,3,0,0,0,0,3,0,0
833333,4,1,1,1172472,0,6,0,0
500000,1,1,2,116419,0,4,0,0
857142,4,2,1,1203394,1,7,0,1
750000,2,1,1,1847186,0,4,0,1
714285,3,2,2,1261293,2,7,0,0
875000,7,0,1,0,1,8,0,0
800000,4,0,1,0,0,5,0,0
750000,3,0,1,0,0,4,0,0
428571,3,0,4,0,3,7,0,0
1000000,5,0,0,0,0,5,0,0
1000000,8,0,0,0,0,8,0,0
600000,3,0,2,0,0,5,0,0
857142,1,5,1,779259,1,7,0,0
875000,3,4,1,1536201,0,8,3,1
1000000,0,1,0,1962837,0,1,3,1
1000000,7,0,0,0,0,7,0,1
833333,3,2,1,965145,1,6,0,0
1000000,2,2,0,1273100,0,4,0,0
1000000,2,0,0,0,0,2,0,0
714285,4,1,2,889545,0,7,0,0
750000,6,0,2,0,2,8,0,0
571428,3,1,3,125804,3,7,0,0
333333,0,2,4,1286353,4,6,0,1
875000,7,0,1,0,1,8,0,0
1000000,8,0,0,0,0,8,0,0
1000000,8,0,0,0,0,8,0,0
1000000,2,0,0,0,0,2,0,0
1000000,6,1,0,79816,0,7,0,0
800000,4,0,1,0,0,5,0,0
1000000,0,1,0,567139,0,1,0,0
1000000,5,0,0,0,0,5,0,0
625000,3,2,3,1948439,0,8,0,1
375000,2,1,5,180950,5,8,0,0
750000,2,1,1,122079,0,4,0,0
1000000,5,1,0,458735,0,6,0,0
666666,1,1,1,294905,0,3,3,0
666666,3,1,2,690251,0,6,0,0
1000000,7,1,0,380722,0,8,0,0
1000000,0,1,0,892914,0,1,0,0
1000000,2,2,0,942796,0,4,0,0
833333,4,1,1,1405117,0,6,0,0
833333,5,0,1,0,1,6,0,0
625000,4,1,3,72553,3,8,0,0
800000,1,3,1,330672,0,5,0,0
1000000,1,0,0,0,0,1,0,0
666666,4,0,2,0,1,6,0,0
1000000,6,2,0,1248578,0,8,0,0
1000000,2,0,0,0,0,2,0,0
333333,0,1,2,63010,2,3,0,0
200000,0,1,4,1641767,3,5,0,1
1000000,1,7,0,1643126,0,8,0,1
400000,0,2,3,1035220,3,5,0,1
571428,3,1,3,2236262,3,7,0,1
750000,3,0,1,0,0,4,0,0
1000000,7,0,0,0,0,7,0,0
833333,5,0,1,0,0,6,0,0
600000,2,1,2,1820189,0,5,0,0
1000000,3,0,0,0,0,3,0,0
833333,3,2,1,921694,1,6,0,0
571428,4,0,3,0,3,7,0,0
1000000,3,1,0,134105,0,4,0,0
833333,3,2,1,1401485,1,6,0,1
857142,5,1,1,1723486,1,7,0,0
875000,7,0,1,0,1,8,0,0
666666,2,0,1,0,0,3,0,0
1000000,0,1,0,1368098,0,1,0,0
1000000,1,0,0,0,0,1,0,0
666666,2,0,1,0,0,3,0,0
857142,3,3,1,193553,1,7,0,0
500000,0,3,3,1778359,3,6,0,1
571428,3,1,3,1254769,2,7,2,1
1000000,1,0,0,0,0,1,0,0
750000,1,5,2,567097,2,8,0,0
857142,6,0,1,0,0,7,0,0
857142,4,2,1,1217169,1,7,0,0
1000000,6,0,0,0,0,6,0,0
285714,1,1,5,799576,5,7,2,1
1000000,6,2,0,445170,0,8,0,0
875000,4,3,1,1313241,0,8,0,0
250000,1,0,3,0,3,4,0,0
625000,5,0,3,0,1,8,0,0
1000000,6,1,0,820326,0,7,0,0
1000000,3,0,0,0,0,3,0,0
875000,1,6,1,1477989,1,8,3,0
1000000,4,0,0,0,0,4,0,0
1000000,3,0,0,0,0,3,0,0
500000,0,1,1,2046138,1,2,0,0
714285,4,1,2,1090186,1,7,0,0
833333,5,0,1,0,0,6,0,0
1000000,3,0,0,0,0,3,0,0
1000000,5,0,0,0,0,5,0,0
600000,2,1,2,389807,1,5,0,1
750000,6,0,2,0,0,8,0,0
875000,6,1,1,497739,0,8,0,0
1000000,0,0,0,0,0,0,1,0
625000,4,1,3,294314,2,8,0,0
400000,2,0,3,0,1,5,0,0
600000,3,0,2,0,0,5,0,0
833333,3,2,1,893562,1,6,0,0
750000,3,0,1,0,0,4,0,0
1000000,1,0,0,0,0,1,0,0
285714,0,2,5,665857,5,7,0,1
800000,4,0,1,0,1,5,0,0
571428,3,1,3,249304,2,7,1,0
1000000,5,1,0,313902,0,6,0,0
800000,2,2,1,1016203,0,5,0,0
750000,2,4,2,2032932,1,8,0,0
1000000,2,1,0,970805,0,3,0,1
500000,0,1,1,644694,1,2,0,0
875000,6,1,1,215211,0,8,0,0
750000,3,3,2,1232531,2,8,0,0
1000000,4,3,0,885446,0,7,0,0
857142,6,0,1,0,1,7,0,0
1000000,2,0,0,0,0,2,0,0
1000000,2,2,0,1348447,0,4,0,0
400000,1,1,3,693122,1,5,0,1
1000000,2,0,0,0,0,2,0,0
1000000,3,1,0,337916,0,4,0,0
1000000,2,0,0,0,0,2,0,0
1000000,4,1,0,1631755,0,5,0,0
1000000,5,0,0,0,0,5,0,0
714285,3,2,2,1201247,2,7,0,0
1000000,6,0,0,0,0,6,0,0
833333,4,1,1,65968,0,6,0,0
625000,2,3,3,1129814,3,8,0,0
500000,1,3,4,687903,4,8,0,0
1000000,8,0,0,0,0,8,0,0
1000000,5,0,0,0,0,5,1,0
1000000,8,0,0,0,0,8,0,0
400000,2,0,3,0,3,5,0,0
600000,0,3,2,938224,1,5,0,0
500000,2,0,2,0,2,4,0,0
714285,5,0,2,0,0,7,0,0
750000,2,4,2,1162987,1,8,0,0
750000,2,1,1,1189945,0,4,3,0
1000000,3,0,0,0,0,3,0,0
875000,3,4,1,1532638,1,8,0,0
1000000,1,0,0,0,0,1,0,0
1000000,6,0,0,0,0,6,0,0
875000,7,0,1,0,1,8,0,0
857142,6,0,1,0,1,7,0,0
1000000,7,1,0,821545,0,8,0,0
500000,1,3,4,941264,2,8,0,0
800000,4,0,1,0,0,5,0,0
1000000,4,3,0,1697424,0,7,0,0
285714,1,1,5,314552,4,7,0,1
1000000,4,0,0,0,0,4,0,0
875000,6,1,1,1243866,1,8,0,0
1000000,0,0,0,0,0,0,0,0
875000,4,3,1,1352763,1,8,0,0
875000,4,3,1,1407465,0,8,0,0
800000,4,0,1,0,1,5,0,0
666666,0,2,1,2856100,0,3,0,1
1000000,5,0,0,0,0,5,0,0
1000000,4,2,0,966166,0,6,0,1
1000000,0,0,0,0,0,0,1,0
600000,3,0,2,0,0,5,0,0
500000,0,4,4,1239677,4,8,0,1
1000000,3,0,0,0,0,3,0,1
500000,3,0,3,0,0,6,0,0
857142,6,0,1,0,1,7,0,0
875000,4,3,1,1406537,0,8,0,0
857142,4,2,1,1924265,0,7,0,0
1000000,4,1,0,714844,0,5,0,0
857142,6,0,1,0,0,7,0,0
428571,2,1,4,505542,4,7,0,0
1000000,1,1,0,518389,0,2,0,0
1000000,7,0,0,0,0,7,0,0
857142,4,2,1,552651,1,7,0,0
875000,5,2,1,931491,1,8,0,0
0,0,0,2,0,0,2,0,0
250000,0,1,3,556859,3,4,0,0
1000000,1,1,0,1113855,0,2,0,0
800000,4,0,1,0,0,5,0,0
857142,2,4,1,1668822,1,7,0,1
1000000,6,1,0,361918,0,7,0,0
1000000,2,0,0,0,0,2,0,0
875000,5,2,1,2249111,0,8,0,1
1000000,5,1,0,239779,0,6,0,0
1000000,4,3,0,672494,0,7,0,0
1000000,8,0,0,0,0,8,0,0
625000,4,1,3,50085,0,8,0,0
800000,4,0,1,0,0,5,0,0
875000,6,1,1,826393,1,8,0,0
1000000,4,0,0,0,0,4,0,0
857142,6,0,1,0,0,7,0,0
500000,1,0,1,0,0,2,0,0
1000000,2,1,0,461078,0,3,0,0
1000000,3,0,0,0,0,3,0,0
750000,3,0,1,0,1,4,0,0
1000000,3,0,0,0,0,3,0,0
714285,5,0,2,0,1,7,0,0
714285,5,0,2,0,2,7,0,0
1000000,8,0,0,0,0,8,0,0
833333,4,1,1,295310,1,6,0,0
1000000,5,0,0,0,0,5,0,0
1000000,5,1,0,1193834,0,6,0,0
714285,4,1,2,1460823,1,7,0,0
750000,3,0,1,0,0,4,0,0
1000000,2,3,0,1607752,0,5,0,0
800000,2,2,1,2297514,1,5,0,0
1000000,7,0,0,0,0,7,0,0
1000000,4,1,0,559823,0,5,0,0
571428,1,3,3,1526576,3,7,0,1
857142,6,0,1,0,0,7,0,0
875000,7,0,1,0,0,8,0,0
1000000,6,0,0,0,0,6,0,0
1000000,7,1,0,575183,0,8,0,0
1000000,5,0,0,0,0,5,0,0
750000,3,0,1,0,0,4,0,0
1000000,5,3,0,948667,0,8,0,1
500000,1,1,2,998256,1,4,2,0
1000000,4,1,0,857394,0,5,0,0
875000,6,1,1,815922,0,8,0,0
750000,3,0,1,0,0,4,0,0
750000,3,0,1,0,0,4,0,0
1000000,1,1,0,965335,0,2,2,0
1000000,4,0,0,0,0,4,0,0
857142,5,1,1,622268,0,7,0,0
800000,2,2,1,1014148,1,5,0,1
875000,7,0,1,0,1,8,0,0
625000,0,5,3,1253037,3,8,0,0
1000000,0,0,0,0,0,0,0,0
714285,4,1,2,464629,1,7,0,0
875000,7,0,1,0,1,8,0,0
800000,4,0,1,0,1,5,0,0
666666,2,0,1,0,0,3,1,0
500000,1,1,2,312646,0,4,0,0
833333,4,1,1,631660,0,6,0,0
500000,2,0,2,0,2,4,0,0
600000,1,2,2,844214,0,5,0,0
1000000,4,1,0,920878,0,5,3,0
750000,6,0,2,0,1,8,0,0
571428,2,2,3,1732149,1,7,3,1
600000,1,2,2,1149298,0,5,0,0
1000000,8,0,0,0,0,8,0,0
1000000,3,2,0,465956,0,5,0,0
714285,3,2,2,1270996,2,7,0,0
833333,3,2,1,691129,0,6,0,0
1000000,6,1,0,685863,0,7,0,0
500000,3,1,4,662391,3,8,0,0
800000,4,0,1,0,0,5,0,0
875000,6,1,1,695138,1,8,0,0
875000,5,2,1,1763186,1,8,0,0
666666,1,1,1,2146964,0,3,0,0
666666,2,0,1,0,1,3,0,0
714285,4,1,2,738004,0,7,0,0
875000,4,3,1,2225212,0,8,0,0
666666,3,1,2,714741,0,6,0,0
833333,5,0,1,0,1,6,0,0
625000,2,3,3,2493343,2,8,0,1
833333,2,3,1,1434111,1,6,0,0
571428,4,0,3,0,3,7,0,0
1000000,7,1,0,281257,0,8,0,0
1000000,3,1,0,1276017,0,4,0,0
714285,3,2,2,1293441,2,7,0,0
571428,3,1,3,1996233,2,7,0,0
1000000,6,1,0,945381,0,7,0,0
1000000,2,1,0,1335309,0,3,1,0
500000,2,2,4,851811,4,8,0,0
714285,1,4,2,1232029,2,7,0,0
1000000,0,1,0,646723,0,1,0,0
1000000,6,0,0,0,0,6,0,0
1000000,6,1,0,188367,0,7,0,0
714285,2,3,2,2067389,1,7,0,1
1000000,4,1,0,319664,0,5,0,0
714285,5,0,2,0,1,7,0,0
833333,4,1,1,1015483,0,6,0,0
857142,4,2,1,1497031,0,7,1,1
1000000,6,1,0,28948,0,7,0,0
1000000,1,1,0,675701,0,2,0,1
1000000,6,1,0,116684,0,7,2,0
714285,0,5,2,1361632,2,7,0,0
875000,7,0,1,0,0,8,0,0
250000,0,1,3,1027673,3,4,0,0
750000,1,2,1,1919760,0,4,0,1
1000000,3,0,0,0,0,3,0,0
500000,1,1,2,844819,2,4,0,0
1000000,2,0,0,0,0,2,0,0
833333,4,1,1,131150,1,6,0,0
1000000,6,2,0,235593,0,8,0,0
800000,2,2,1,2216125,0,5,0,1
1000000,6,1,0,44487,0,7,0,0
714285,4,1,2,945279,2,7,0,0
857142,5,1,1,236595,1,7,0,0
1000000,4,1,0,301176,0,5,0,0
500000,1,1,2,1026310,0,4,0,0
1000000,3,1,0,1971136,0,4,0,1
625000,2,3,3,1920208,1,8,0,0
500000,2,0,2,0,0,4,0,0
1000000,6,0,0,0,0,6,0,0
500000,0,3,3,769345,3,6,0,0
1000000,4,0,0,0,0,4,0,0
625000,5,0,3,0,2,8,0,0
500000,2,2,4,731966,3,8,0,0
857142,4,2,1,699200,1,7,0,0
875000,4,3,1,1538555,1,8,0,0
800000,2,2,1,618024,0,5,0,0
750000,3,0,1,0,0,4,0,0
666666,4,0,2,0,0,6,0,0
500000,1,0,1,0,1,2,1,0
666666,1,1,1,2216356,0,3,1,0
666666,2,2,2,552576,0,6,0,1
666666,2,2,2,2279067,0,6,0,0
857142,4,2,1,375954,1,7,0,0
875000,4,3,1,900633,1,8,2,1
1000000,1,0,0,0,0,1,0,0
1000000,7,0,0,0,0,7,0,0
750000,2,4,2,771828,0,8,0,0
250000,1,0,3,0,0,4,0,0
1000000,5,0,0,0,0,5,0,0
800000,4,0,1,0,1,5,0,0
1000000,8,0,0,0,0,8,0,0
750000,3,3,2,1014111,2,8,3,0
714285,5,0,2,0,1,7,0,0
500000,1,2,3,1879737,3,6,0,0
750000,2,1,1,2064219,0,4,0,1
1000000,6,0,0,0,0,6,0,0
500000,2,0,2,0,0,4,0,0
833333,4,1,1,237370,1,6,0,0
1000000,4,0,0,0,0,4,0,0
666666,3,1,2,1335693,2,6,0,0
833333,5,0,1,0,1,6,2,0
857142,5,1,1,1018783,1,7,0,0
833333,5,0,1,0,0,6,0,0
500000,2,1,3,1258731,0,6,2,1
800000,1,3,1,2016043,1,5,0,1
1000000,3,0,0,0,0,3,0,0
800000,3,1,1,738236,1,5,0,1
1000000,6,2,0,778056,0,8,1,0
833333,3,2,1,948487,1,6,0,1
1000000,8,0,0,0,0,8,0,0
875000,7,0,1,0,0,8,0,0
833333,5,0,1,0,1,6,0,0
666666,4,0,2,0,1,6,3,1
750000,1,2,1,1017242,0,4,0,0
750000,2,1,1,486596,0,4,0,0
1000000,5,0,0,0,0,5,0,0
833333,4,1,1,938168,1,6,0,1
857142,5,1,1,575718,1,7,0,0
800000,3,1,1,1445263,1,5,0,1
1000000,5,0,0,0,0,5,0,0
428571,0,3,4,1212404,4,7,0,1
1000000,6,0,0,0,0,6,0,0
750000,2,1,1,1005214,0,4,0,0
750000,2,1,1,1090509,1,4,0,1
1000000,5,0,0,0,0,5,0,0
625000,3,2,3,1083539,2,8,0,1
0,0,0,1,0,0,1,0,0
1000000,5,0,0,0,0,5,0,0
1000000,3,1,0,1480164,0,4,0,0
333333,0,1,2,140249,2,3,3,0
875000,6,1,1,1362157,0,8,0,0
1000000,3,0,0,0,0,3,0,0
750000,5,1,2,435083,1,8,0,0
750000,3,0,1,0,0,4,0,0
1000000,1,0,0,0,0,1,0,0
571428,1,3,3,1921484,2,7,0,1
1000000,3,0,0,0,0,3,0,0
1000000,4,0,0,0,0,4,0,0
1000000,4,1,0,800474,0,5,0,0
1000000,5,1,0,1176267,0,6,0,0
375000,0,3,5,1210274,4,8,0,0
833333,5,0,1,0,0,6,0,0
1000000,0,0,0,0,0,0,0,0
714285,0,5,2,2204572,0,7,0,0
750000,3,0,1,0,1,4,0,0
1000000,4,0,0,0,0,4,0,0
1000000,6,1,0,73659,0,7,0,0
571428,3,1,3,150485,3,7,0,1
1000000,6,1,0,270071,0,7,0,0
625000,3,2,3,963774,2,8,1,0
666666,1,1,1,339908,0,3,0,0
333333,1,0,2,0,0,3,0,0
1000000,5,1,0,458468,0,6,0,0
1000000,4,2,0,1144451,0,6,0,0
1000000,4,2,0,1237870,0,6,0,0
625000,5,0,3,0,1,8,0,0
750000,3,3,2,1571156,1,8,0,0
1000000,5,0,0,0,0,5,0,0
1000000,3,0,0,0,0,3,0,0
600000,3,0,2,0,2,5,0,0
666666,1,1,1,897520,0,3,0,0
1000000,5,0,0,0,0,5,0,0
1000000,2,0,0,0,0,2,0,0
857142,4,2,1,953652,1,7,0,0
1000000,1,0,0,0,0,1,0,0
571428,2,2,3,308274,3,7,0,0
666666,2,0,1,0,0,3,0,0
857142,6,0,1,0,0,7,0,0
1000000,6,0,0,0,0,6,0,0
500000,1,0,1,0,1,2,0,1
1000000,1,0,0,0,0,1,0,0
1000000,2,3,0,944312,0,5,0,0
714285,4,1,2,1332722,0,7,0,0
750000,6,0,2,0,2,8,0,0
714285,2,3,2,882441,2,7,0,1
1000000,1,0,0,0,0,1,0,0
1000000,5,0,0,0,0,5,0,0
500000,2,1,3,1183316,0,6,2,1
1000000,4,1,0,760111,0,5,0,0
1000000,1,1,0,393567,0,2,0,0
750000,3,0,1,0,1,4,0,0
1000000,0,0,0,0,0,0,0,0
1000000,8,0,0,0,0,8,0,0
1000000,3,0,0,0,0,3,0,0
1000000,4,0,0,0,0,4,0,0
1000000,3,1,0,341247,0,4,0,0
1000000,4,2,0,717526,0,6,0,0
800000,4,0,1,0,1,5,0,0
625000,2,3,3,1804330,2,8,0,1
500000,0,1,1,1035635,1,2,0,1
750000,3,0,1,0,0,4,0,0
1000000,8,0,0,0,0,8,0,0
1000000,3,0,0,0,0,3,0,0
1000000,7,1,0,696328,0,8,0,0
1000000,3,1,0,337144,0,4,0,0
800000,3,1,1,57408,0,5,2,0
1000000,1,2,0,1224027,0,3,0,0
833333,5,0,1,0,0,6,0,0
1000000,6,1,0,647751,0,7,0,0
833333,5,0,1,0,1,6,0,0
833333,3,2,1,1785568,0,6,0,0
875000,7,0,1,0,1,8,0,0
1000000,6,0,0,0,0,6,0,0
800000,4,0,1,0,0,5,0,0
500000,1,2,3,1376079,1,6,0,0
875000,7,0,1,0,1,8,0,0
1000000,4,1,0,1124587,0,5,0,0
875000,6,1,1,192653,1,8,0,0
833333,4,1,1,1485285,0,6,0,0
750000,3,0,1,0,1,4,0,0
500000,1,3,4,2393448,3,8,0,1
1000000,2,0,0,0,0,2,0,0
1000000,2,0,0,0,0,2,0,0
571428,0,4,3,1102256,3,7,0,1
833333,3,2,1,1006569,1,6,0,0
666666,3,1,2,1314691,0,6,0,0
1000000,7,1,0,1030681,0,8,0,0
857142,6,0,1,0,0,7,0,0
875000,7,0,1,0,0,8,0,0
1000000,2,0,0,0,0,2,0,0
750000,4,2,2,130353,1,8,0,0
714285,2,3,2,814853,1,7,0,0
666666,2,0,1,0,0,3,0,0
666666,2,0,1,0,0,3,0,0
1000000,3,1,0,673097,0,4,0,0
666666,2,0,1,0,1,3,0,0
714285,3,2,2,1932463,0,7,3,0
666666,2,0,1,0,1,3,0,0
1000000,5,0,0,0,0,5,1,0
1000000,6,2,0,659812,0,8,0,0
1000000,6,0,0,0,0,6,0,0
1000000,0,0,0,0,0,0,0,0
1000000,6,2,0,720360,0,8,0,0
1000000,6,0,0,0,0,6,0,0
1000000,2,1,0,293151,0,3,0,1
875000,7,0,1,0,1,8,0,0
875000,7,0,1,0,1,8,0,0
428571,3,0,4,0,1,7,0,0
750000,5,1,2,1098119,2,8,0,0
1000000,7,1,0,838956,0,8,0,0
875000,4,3,1,1038119,1,8,0,0
714285,2,3,2,2166618,1,7,0,1
750000,0,3,1,803819,1,4,0,0
500000,3,1,4,1007316,1,8,0,1
714285,4,1,2,1983085,0,7,0,0
1000000,1,0,0,0,0,1,0,0
571428,4,0,3,0,2,7,0,0
857142,2,4,1,1742641,0,7,0,0
750000,3,0,1,0,0,4,0,0
750000,6,0,2,0,0,8,0,0
0,0,0,5,0,3,5,0,1
500000,2,2,4,1161530,4,8,0,1
1000000,5,0,0,0,0,5,0,0
571428,3,1,3,749324,3,7,0,0
875000,7,0,1,0,0,8,0,0
1000000,3,1,0,809224,0,4,0,0
1000000,2,0,0,0,0,2,0,0
1000000,6,1,0,941033,0,7,0,0
1000000,6,0,0,0,0,6,0,0
375000,3,0,5,0,2,8,0,0
750000,3,0,1,0,0,4,0,0
1000000,4,2,0,216321,0,6,0,1
1000000,5,0,0,0,0,5,0,0
1000000,1,0,0,0,0,1,0,0
857142,6,0,1,0,0,7,0,0
1000000,0,2,0,994597,0,2,0,0
875000,6,1,1,295918,1,8,0,0
500000,2,0,2,0,1,4,0,0
666666,2,2,2,1650776,2,6,0,0
750000,2,1,1,448365,1,4,0,1
1000000,7,0,0,0,0,7,0,0
857142,4,2,1,320781,1,7,0,0
1000000,2,1,0,1091959,0,3,0,0
1000000,3,2,0,1192572,0,5,0,0
750000,5,1,2,1471022,2,8,0,0
625000,4,1,3,134966,1,8,0,1
750000,6,0,2,0,0,8,0,0
800000,4,0,1,0,0,5,0,0
1000000,6,1,0,36424,0,7,0,0
800000,4,0,1,0,1,5,0,0
1000000,3,0,0,0,0,3,0,0
1000000,6,1,0,1100919,0,7,0,0
666666,3,1,2,1279877,0,6,0,0
750000,4,2,2,366511,2,8,2,0
625000,5,0,3,0,2,8,0,0
714285,4,1,2,1087613,1,7,0,0
800000,4,0,1,0,0,5,0,0
800000,3,1,1,291812,0,5,0,0
1000000,2,1,0,465420,0,3,3,0
500000,2,1,3,1183525,3,6,0,0
600000,3,0,2,0,2,5,0,1
625000,5,0,3,0,1,8,2,0
500000,0,1,1,1424323,0,2,0,0
1000000,4,0,0,0,0,4,0,0
375000,3,0,5,0,4,8,0,1
1000000,2,1,0,1425685,0,3,0,0
1000000,1,0,0,0,0,1,0,0
1000000,7,0,0,0,0,7,0,0
0,0,0,1,0,0,1,0,0
1000000,1,2,0,723199,0,3,0,0
1000000,6,2,0,390168,0,8,0,0
857142,5,1,1,640714,1,7,0,0
800000,4,0,1,0,0,5,0,0
1000000,3,3,0,1308107,0,6,0,0
1000000,0,0,0,0,0,0,0,0
250000,0,2,6,2169132,6,8,0,0
875000,6,1,1,124035,1,8,0,0
1000000,6,0,0,0,0,6,2,0
1000000,2,1,0,523595,0,3,0,0
500000,1,0,1,0,0,2,0,0
500000,2,0,2,0,2,4,0,1
400000,1,1,3,220595,3,5,0,0
500000,0,1,1,401083,0,2,0,0
750000,2,4,2,1170170,1,8,0,0
1000000,4,0,0,0,0,4,0,0
1000000,0,3,0,1753588,0,3,0,0
875000,3,4,1,1456725,0,8,0,0
600000,2,1,2,140493,0,5,0,0
333333,0,2,4,2040433,3,6,0,0
1000000,3,1,0,1263516,0,4,2,0
875000,5,2,1,852712,1,8,0,0
875000,5,2,1,1656938,0,8,0,0
666666,2,2,2,1192754,2,6,0,0
833333,3,2,1,1166998,1,6,0,0
1000000,6,1,0,854443,0,7,0,0
1000000,4,1,0,520496,0,5,0,0
666666,4,0,2,0,0,6,0,0
1000000,1,0,0,0,0,1,2,0
875000,7,0,1,0,1,8,0,0
1000000,4,0,0,0,0,4,0,0
750000,5,1,2,929764,0,8,0,0
571428,3,1,3,1483732,1,7,0,1
875000,6,1,1,666512,1,8,0,0
1000000,3,1,0,1161110,0,4,0,1
1000000,2,1,0,294240,0,3,0,0
714285,4,1,2,367591,2,7,0,0
500000,1,0,1,0,0,2,0,0
666666,1,1,1,787231,0,3,0,0
1000000,3,1,0,22672,0,4,0,0
1000000,2,0,0,0,0,2,0,0
750000,4,2,2,2149243,1,8,3,1
833333,5,0,1,0,0,6,0,0
1000000,4,0,0,0,0,4,0,0
800000,3,1,1,1876056,1,5,0,0
750000,2,1,1,2233605,0,4,0,0
800000,3,1,1,590175,1,5,0,0
833333,4,1,1,171992,1,6,0,0
500000,1,0,1,0,0,2,0,0
750000,2,4,2,1791993,1,8,0,0
666666,1,3,2,1450686,2,6,0,0
800000,4,0,1,0,0,5,0,0
714285,5,0,2,0,2,7,0,0
800000,4,0,1,0,0,5,3,0
500000,3,0,3,0,0,6,1,0
1000000,5,2,0,556838,0,7,0,0
1000000,4,0,0,0,0,4,0,0
400000,1,1,3,619562,2,5,0,1
833333,2,3,1,1975048,0,6,0,0
1000000,4,1,0,861503,0,5,0,0
666666,4,0,2,0,0,6,0,0
600000,2,1,2,484330,0,5,0,0
1000000,6,0,0,0,0,6,0,0
833333,4,1,1,567693,1,6,0,0
500000,0,2,2,1501117,0,4,0,0
250000,1,0,3,0,2,4,0,1
1000000,4,1,0,644550,0,5,0,0
800000,3,1,1,959373,1,5,0,0
750000,4,2,2,1306836,0,8,0,0
857142,4,2,1,702505,1,7,0,0
857142,6,0,1,0,0,7,0,0
857142,6,0,1,0,1,7,0,0
1000000,3,0,0,0,0,3,0,0
600000,3,0,2,0,0,5,0,0
714285,3,2,2,1308509,0,7,3,0
1000000,6,1,0,121676,0,7,0,0
400000,1,1,3,299397,1,5,0,0
875000,7,0,1,0,1,8,2,0
428571,1,2,4,1707096,4,7,0,0
857142,5,1,1,944652,1,7,0,0
857142,6,0,1,0,1,7,0,0
1000000,5,0,0,0,0,5,0,0
1000000,1,0,0,0,0,1,0,0
714285,3,2,2,588664,0,7,0,0
875000,7,0,1,0,1,8,0,0
333333,1,0,2,0,0,3,3,1
1000000,1,1,0,269477,0,2,0,0
625000,3,2,3,469926,3,8,0,1
800000,3,1,1,280186,1,5,0,0
1000000,1,2,0,923612,0,3,0,0
571428,0,4,3,1440948,3,7,0,1
500000,2,0,2,0,1,4,0,0
800000,0,4,1,1051416,1,5,0,0
1000000,3,2,0,876059,0,5,0,0
250000,0,1,3,2319664,2,4,0,0
666666,3,1,2,1027534,0,6,0,0
333333,0,2,4,1113150,3,6,0,1
285714,1,1,5,724873,5,7,0,0
1000000,4,0,0,0,0,4,0,0
857142,4,2,1,1184175,0,7,0,0
1000000,7,1,0,37510,0,8,0,0
1000000,5,1,0,540849,0,6,0,0
625000,4,1,3,2082247,0,8,0,1
1000000,3,1,0,2001629,0,4,0,0
1000000,5,1,0,439892,0,6,0,0
1000000,1,0,0,0,0,1,0,0
1000000,4,0,0,0,0,4,0,0
1000000,2,1,0,362725,0,3,0,0
428571,2,1,4,1117643,0,7,0,0
625000,5,0,3,0,2,8,0,0
428571,1,2,4,704420,4,7,0,1
714285,4,1,2,2068574,0,7,0,1
750000,5,1,2,127434,2,8,0,0
750000,0,6,2,1205875,2,8,0,0
1000000,5,0,0,0,0,5,0,0
875000,7,0,1,0,0,8,0,0
1000000,4,1,0,616352,0,5,0,0
875000,6,1,1,946279,1,8,0,1
1000000,5,0,0,0,0,5,0,0
1000000,6,2,0,1071979,0,8,0,0
833333,5,0,1,0,1,6,0,0
857142,5,1,1,65859,1,7,0,0
857142,5,1,1,761578,1,7,0,0
1000000,2,0,0,0,0,2,0,0
833333,4,1,1,710624,1,6,0,0
833333,5,0,1,0,0,6,0,0
1000000,2,1,0,661553,0,3,0,0
600000,2,1,2,206731,2,5,0,0
1000000,6,0,0,0,0,6,1,0
500000,0,2,2,830028,1,4,0,0
500000,2,2,4,1505582,2,8,0,0
1000000,7,0,0,0,0,7,1,0
1000000,5,0,0,0,0,5,0,0
1000000,5,1,0,253127,0,6,0,0
600000,1,2,2,1635998,2,5,0,0
833333,4,1,1,522922,1,6,0,1
1000000,7,0,0,0,0,7,0,0
1000000,5,1,0,177628,0,6,0,0
500000,2,2,4,594209,4,8,0,1
1000000,4,0,0,0,0,4,0,0
1000000,4,1,0,15168,0,5,0,0
1000000,8,0,0,0,0,8,0,0
1000000,4,0,0,0,0,4,0,0
750000,3,0,1,0,0,4,0,0
1000000,1,1,0,410890,0,2,0,0
1000000,6,2,0,728990,0,8,0,0
625000,3,2,3,1289080,2,8,0,1
333333,1,0,2,0,0,3,0,0
250000,0,2,6,821353,5,8,0,0
333333,0,1,2,2502989,0,3,0,1
833333,4,1,1,446929,0,6,0,0
400000,1,1,3,992729,3,5,0,0
1000000,4,0,0,0,0,4,0,0
1000000,8,0,0,0,0,8,0,0
1000000,4,0,0,0,0,4,0,0
857142,6,0,1,0,1,7,0,0
0,0,0,1,0,0,1,0,0
1000000,1,0,0,0,0,1,0,0
833333,2,3,1,496787,1,6,0,0
1000000,2,1,0,298774,0,3,2,0
857142,6,0,1,0,0,7,0,0
1000000,1,0,0,0,0,1,0,0
857142,6,0,1,0,0,7,2,0
857142,5,1,1,311589,0,7,0,0
800000,4,0,1,0,0,5,0,0
750000,3,0,1,0,0,4,0,0
1000000,2,3,0,1221346,0,5,0,1
1000000,6,0,0,0,0,6,0,0
666666,1,3,2,1047979,1,6,0,0
1000000,2,0,0,0,0,2,0,0
875000,7,0,1,0,0,8,0,0
375000,3,0,5,0,5,8,0,1
875000,5,2,1,732592,0,8,0,0
1000000,5,1,0,1080560,0,6,0,0
666666,2,2,2,1375775,1,6,0,1
833333,5,0,1,0,1,6,0,0
714285,5,0,2,0,2,7,0,0
571428,3,1,3,1007957,3,7,0,0
1000000,2,0,0,0,0,2,0,0
600000,1,2,2,1282394,2,5,0,1
666666,2,2,2,1514625,2,6,0,1
500000,1,2,3,2670206,1,6,0,0
1000000,4,2,0,802419,0,6,3,0
1000000,5,0,0,0,0,5,0,0
1000000,2,0,0,0,0,2,0,0
1000000,4,0,0,0,0,4,0,0
750000,2,1,1,95695,0,4,0,0
666666,2,2,2,1478988,0,6,0,1
500000,1,2,3,1134072,1,6,0,1
1000000,3,0,0,0,0,3,0,0
500000,1,2,3,1330887,3,6,0,1
1000000,5,0,0,0,0,5,0,0
1000000,7,0,0,0,0,7,0,0
500000,3,0,3,0,0,6,0,0
750000,5,1,2,920023,1,8,0,1
1000000,6,0,0,0,0,6,0,0
1000000,3,0,0,0,0,3,0,0
1000000,5,0,0,0,0,5,2,0
800000,2,2,1,1459055,1,5,0,0
1000000,5,1,0,1354324,0,6,0,0
600000,1,2,2,1183767,0,5,0,0
333333,1,0,2,0,0,3,1,1
1000000,2,0,0,0,0,2,0,0
800000,3,1,1,1237554,0,5,0,0
1000000,8,0,0,0,0,8,0,0
1000000,8,0,0,0,0,8,0,0
1000000,7,0,0,0,0,7,0,0
750000,0,3,1,1538891,1,4,0,1
1000000,2,1,0,752075,0,3,0,0
1000000,6,0,0,0,0,6,0,0
857142,4,2,1,581827,0,7,0,0
1000000,8,0,0,0,0,8,0,0
800000,4,0,1,0,1,5,0,0
1000000,0,1,0,827927,0,1,0,0
1000000,5,1,0,991432,0,6,0,0
750000,5,1,2,367690,2,8,0,0
1000000,0,0,0,0,0,0,0,0
833333,4,1,1,442658,0,6,0,0
1000000,1,1,0,505283,0,2,0,0
625000,3,2,3,1597435,2,8,0,0
857142,5,1,1,1323646,0,7,0,0
800000,0,4,1,1373310,1,5,0,0
714285,4,1,2,1651212,1,7,0,0
750000,2,1,1,1596656,0,4,0,0
1000000,4,1,0,1832977,0,5,0,0
666666,2,0,1,0,0,3,0,0
571428,4,0,3,0,0,7,0,0
1000000,1,0,0,0,0,1,0,0
400000,1,1,3,604458,0,5,0,0
800000,3,1,1,1387472,0,5,0,0
1000000,4,1,0,845931,0,5,0,0
875000,7,0,1,0,0,8,0,0
1000000,4,1,0,170841,0,5,0,0
1000000,0,0,0,0,0,0,0,0
1000000,7,1,0,162611,0,8,0,0
500000,0,2,2,1238507,2,4,0,1
571428,4,0,3,0,3,7,0,0
833333,4,1,1,541648,1,6,0,1
1000000,8,0,0,0,0,8,0,0
1000000,6,0,0,0,0,6,0,0
1000000,3,0,0,0,0,3,0,0
1000000,2,3,0,1697826,0,5,0,0
500000,1,0,1,0,0,2,0,0
666666,0,4,2,1203573,2,6,0,1
1000000,5,0,0,0,0,5,0,0
857142,6,0,1,0,1,7,0,0
666666,1,1,1,1717252,1,3,0,1
333333,2,0,4,0,3,6,0,1
750000,3,0,1,0,1,4,0,0
1000000,6,0,0,0,0,6,0,0
1000000,2,0,0,0,0,2,0,0
1000000,4,2,0,962828,0,6,0,0
666666,2,0,1,0,0,3,0,0
857142,4,2,1,2085794,0,7,0,1
750000,3,3,2,1824953,1,8,0,0
875000,5,2,1,849255,0,8,0,0
333333,2,0,4,0,2,6,0,1
500000,1,2,3,2319155,0,6,0,0
1000000,6,2,0,1410869,0,8,0,0
666666,2,2,2,893036,2,6,0,1
375000,1,2,5,1108653,4,8,0,1
1000000,7,0,0,0,0,7,0,0
857142,4,2,1,1104340,1,7,0,1
600000,1,2,2,667056,0,5,0,0
250000,0,1,3,1046478,3,4,0,1
1000000,3,0,0,0,0,3,0,0
833333,1,4,1,689362,1,6,0,1
750000,3,0,1,0,0,4,0,0
1000000,6,1,0,263516,0,7,0,0
857142,6,0,1,0,1,7,0,0
750000,3,0,1,0,0,4,0,0
1000000,3,0,0,0,0,3,0,0
1000000,5,2,0,600529,0,7,0,0
625000,4,1,3,1713378,0,8,3,0
833333,5,0,1,0,1,6,0,0
1000000,6,0,0,0,0,6,0,0
666666,2,2,2,955542,0,6,0,1
714285,1,4,2,1585545,2,7,0,0
1000000,3,3,0,1793194,0,6,0,0
750000,3,0,1,0,0,4,0,0
500000,2,0,2,0,0,4,0,1
1000000,3,1,0,117245,0,4,3,0
666666,4,0,2,0,0,6,0,0
800000,1,3,1,606717,0,5,0,0
1000000,8,0,0,0,0,8,0,0
1000000,0,0,0,0,0,0,0,0
666666,2,2,2,1327041,0,6,0,1
1000000,4,1,0,293738,0,5,0,0
1000000,7,0,0,0,0,7,0,0
750000,3,0,1,0,1,4,0,0
1000000,6,0,0,0,0,6,0,0
857142,2,4,1,678658,1,7,0,1
1000000,2,0,0,0,0,2,0,0
1000000,4,0,0,0,0,4,0,0
1000000,7,1,0,935341,0,8,0,0
714285,4,1,2,551709,1,7,0,0
857142,3,3,1,901245,0,7,0,1
857142,6,0,1,0,0,7,0,0
750000,6,0,2,0,2,8,0,0
1000000,3,1,0,468760,0,4,0,0
1000000,8,0,0,0,0,8,0,0
857142,5,1,1,786407,1,7,0,0
714285,1,4,2,2142730,1,7,0,1
857142,6,0,1,0,0,7,0,0
500000,2,0,2,0,1,4,0,0
857142,5,1,1,450852,1,7,0,0
1000000,0,0,0,0,0,0,0,0
500000,1,2,3,980423,3,6,0,0
1000000,1,3,0,1080322,0,4,0,0
600000,1,2,2,536970,0,5,0,1
1000000,6,1,0,1283220,0,7,0,0
875000,5,2,1,660255,1,8,0,0
1000000,2,0,0,0,0,2,0,0
1000000,3,0,0,0,0,3,0,0
1000000,3,0,0,0,0,3,0,0
500000,3,0,3,0,0,6,0,0
500000,0,1,1,1844328,0,2,0,0
200000,0,1,4,953473,0,5,0,1
500000,2,2,4,1520922,2,8,0,1
1000000,3,0,0,0,0,3,0,0
1000000,1,0,0,0,0,1,0,0
666666,3,1,2,435809,0,6,0,0
875000,5,2,1,1576369,0,8,0,0
1000000,3,1,0,258730,0,4,0,0
750000,2,1,1,1050623,0,4,0,0
1000000,7,1,0,1024328,0,8,0,0
1000000,5,2,0,2346852,0,7,0,1
500000,2,1,3,1785551,3,6,0,1
1000000,4,0,0,0,0,4,0,0
750000,3,0,1,0,0,4,0,0
750000,0,3,1,1210748,0,4,3,1
500000,2,0,2,0,0,4,0,0
1000000,7,1,0,790242,0,8,0,0
666666,2,0,1,0,0,3,0,0
800000,4,0,1,0,1,5,0,0
1000000,0,4,0,1607967,0,4,0,1
1000000,3,0,0,0,0,3,0,0
1000000,3,3,0,1228026,0,6,0,0
666666,2,0,1,0,1,3,0,0
666666,3,1,2,963117,1,6,0,0
714285,4,1,2,166936,0,7,0,0
1000000,3,0,0,0,0,3,0,0
0,0,0,2,0,2,2,0,0
750000,2,1,1,1066737,0,4,2,1
833333,5,0,1,0,0,6,0,0
1000000,8,0,0,0,0,8,0,0
666666,1,1,1,494971,1,3,0,0
714285,1,4,2,954038,2,7,0,1
714285,1,4,2,1575735,2,7,0,1
1000000,4,0,0,0,0,4,0,0
1000000,6,1,0,393054,0,7,0,0
1000000,3,0,0,0,0,3,0,0
1000000,6,1,0,894730,0,7,0,0
800000,3,1,1,2065429,0,5,0,0
666666,1,3,2,504142,1,6,0,0
600000,1,2,2,2157451,1,5,0,0
875000,5,2,1,1789850,1,8,0,0
750000,5,1,2,854037,1,8,0,0
875000,4,3,1,924849,0,8,0,0
750000,4,2,2,1036553,2,8,0,1
625000,5,0,3,0,2,8,0,0
1000000,5,0,0,0,0,5,0,0
1000000,2,1,0,834347,0,3,0,0
875000,5,2,1,689220,1,8,3,0
1000000,4,1,0,737201,0,5,0,0
666666,2,0,1,0,0,3,0,0
1000000,3,0,0,0,0,3,0,0
714285,1,4,2,742707,2,7,0,0
1000000,2,0,0,0,0,2,0,1
500000,2,2,4,1049568,3,8,3,1
1000000,8,0,0,0,0,8,0,0
625000,3,2,3,2561600,0,8,0,1
600000,1,2,2,1300288,2,5,0,0
1000000,2,1,0,128064,0,3,0,0
1000000,2,2,0,238892,0,4,0,0
666666,1,1,1,1797482,1,3,0,1
1000000,4,1,0,763710,0,5,0,0
1000000,3,0,0,0,0,3,0,0
750000,3,0,1,0,0,4,1,0
714285,4,1,2,397620,1,7,0,0
333333,2,0,4,0,0,6,0,1
1000000,6,0,0,0,0,6,0,0
666666,4,0,2,0,0,6,0,0
1000000,2,2,0,1060236,0,4,0,1
750000,4,2,2,940781,2,8,0,0
833333,2,3,1,825556,0,6,0,0
625000,3,2,3,1332798,2,8,0,0
1000000,6,1,0,38666,0,7,0,1
1000000,1,1,0,609637,0,2,0,0
666666,4,0,2,0,1,6,0,0
875000,6,1,1,670907,1,8,0,0
666666,2,0,1,0,1,3,0,0
857142,5,1,1,759693,1,7,0,0
1000000,7,0,0,0,0,7,0,0
1000000,7,1,0,457863,0,8,0,0
875000,6,1,1,275707,1,8,0,0
625000,5,0,3,0,3,8,0,0
666666,4,0,2,0,2,6,0,0
750000,6,0,2,0,2,8,0,0
1000000,7,0,0,0,0,7,0,0
500000,2,0,2,0,0,4,0,0
1000000,8,0,0,0,0,8,0,0
1000000,1,0,0,0,0,1,0,0
800000,4,0,1,0,0,5,0,0
500000,2,2,4,261423,3,8,3,1
625000,2,3,3,1317949,3,8,0,0
428571,0,3,4,960138,4,7,0,0
750000,2,1,1,578319,1,4,0,0
1000000,3,0,0,0,0,3,0,0
1000000,6,2,0,1181174,0,8,0,0
1000000,5,0,0,0,0,5,0,0
1000000,5,0,0,0,0,5,0,0
750000,4,2,2,548133,0,8,0,0
857142,6,0,1,0,0,7,0,0
875000,4,3,1,584349,1,8,0,0
1000000,5,0,0,0,0,5,0,0
875000,7,0,1,0,1,8,0,0
714285,5,0,2,0,2,7,0,0
857142,5,1,1,1047775,0,7,0,0
833333,3,2,1,812599,0,6,0,0
1000000,4,0,0,0,0,4,0,0
1000000,4,1,0,741994,0,5,0,0
750000,0,3,1,1203063,1,4,0,0
500000,0,2,2,751194,2,4,2,1
800000,4,0,1,0,0,5,0,0
1000000,6,1,0,383933,0,7,1,0
875000,7,0,1,0,1,8,2,0
833333,3,2,1,1527784,0,6,0,0
1000000,6,2,0,1035466,0,8,0,1
500000,1,1,2,943663,0,4,0,1
1000000,5,2,0,1295785,0,7,0,0
750000,3,0,1,0,0,4,0,0
428571,1,2,4,1480398,3,7,0,1
1000000,2,1,0,885644,0,3,0,0
1000000,3,2,0,1153650,0,5,0,0
500000,3,1,4,595860,3,8,0,0
800000,4,0,1,0,0,5,0,0
571428,4,0,3,0,0,7,0,0
500000,1,1,2,609906,0,4,0,0
625000,5,0,3,0,2,8,0,0
1000000,5,2,0,1150616,0,7,0,0
857142,3,3,1,2283360,1,7,0,0
1000000,4,1,0,542024,0,5,0,0
1000000,4,0,0,0,0,4,0,0
750000,3,3,2,1514244,0,8,0,0
500000,2,0,2,0,0,4,0,0
1000000,4,1,0,840616,0,5,0,0
666666,2,0,1,0,0,3,0,0
666666,2,0,1,0,0,3,0,0
714285,5,0,2,0,2,7,0,0
750000,2,1,1,1888512,0,4,0,0
1000000,6,0,0,0,0,6,0,0
833333,4,1,1,1009386,0,6,0,0
800000,4,0,1,0,1,5,0,1
1000000,7,0,0,0,0,7,0,0
875000,7,0,1,0,1,8,0,0
800000,2,2,1,1264557,1,5,0,0
1000000,8,0,0,0,0,8,0,0
1000000,1,4,0,866393,0,5,0,0
875000,6,1,1,1027915,1,8,0,0
1000000,2,1,0,793160,0,3,3,0
1000000,5,1,0,888000,0,6,0,0
833333,4,1,1,982162,0,6,0,0
500000,0,3,3,410878,3,6,0,0
714285,5,0,2,0,2,7,0,0
833333,4,1,1,669917,0,6,0,0
875000,6,1,1,56395,1,8,0,0
1000000,4,0,0,0,0,4,0,0
1000000,3,1,0,108185,0,4,0,0
571428,2,2,3,1455798,2,7,0,0
1000000,4,1,0,1181966,0,5,0,0
833333,5,0,1,0,1,6,0,0
500000,1,0,1,0,0,2,0,0
875000,2,5,1,1362434,1,8,0,1
1000000,4,0,0,0,0,4,0,0
1000000,7,1,0,1300482,0,8,0,0
1000000,4,1,0,47565,0,5,0,0
875000,4,3,1,1695601,0,8,0,0
1000000,2,3,0,865226,0,5,0,0
875000,6,1,1,934436,0,8,0,0
1000000,3,1,0,1299765,0,4,0,0
750000,3,0,1,0,1,4,0,0
1000000,3,1,0,916124,0,4,0,0
833333,5,0,1,0,1,6,0,0
1000000,3,0,0,0,0,3,0,0
625000,3,2,3,1293325,2,8,0,0
1000000,5,1,0,77393,0,6,0,0
857142,5,1,1,257448,0,7,0,0
1000000,5,0,0,0,0,5,0,0
1000000,4,0,0,0,0,4,0,0
500000,2,2,4,1763003,4,8,0,1
1000000,6,0,0,0,0,6,0,0
1000000,7,1,0,894311,0,8,0,0
1000000,5,0,0,0,0,5,0,0
1000000,2,1,0,1277505,0,3,0,1
1000000,3,0,0,0,0,3,0,0
750000,3,0,1,0,0,4,0,0
1000000,4,0,0,0,0,4,0,0
833333,4,1,1,654179,0,6,0,0
285714,0,2,5,1124464,4,7,0,0
500000,1,3,4,2291516,4,8,0,1
875000,4,3,1,1122849,1,8,0,0
800000,3,1,1,159935,1,5,0,0
800000,4,0,1,0,0,5,0,0
400000,2,0,3,0,1,5,0,0
857142,6,0,1,0,1,7,0,0
600000,2,1,2,1067923,0,5,0,0
875000,6,1,1,1007834,0,8,0,0
400000,0,2,3,774066,3,5,0,0
750000,1,2,1,1056762,1,4,0,1
750000,2,1,1,66054,0,4,0,0
571428,2,2,3,1441266,2,7,0,1
500000,0,1,1,828341,1,2,0,0
0,0,0,1,0,0,1,0,0
857142,6,0,1,0,0,7,0,0
875000,6,1,1,584699,1,8,0,0
750000,5,1,2,172123,1,8,0,0
750000,4,2,2,1083814,1,8,0,1
750000,2,1,1,1528784,0,4,0,0
857142,6,0,1,0,0,7,0,0
750000,3,0,1,0,0,4,0,0
857142,4,2,1,622347,0,7,0,1
1000000,3,3,0,2445837,0,6,0,1
1000000,2,0,0,0,0,2,0,0
1000000,8,0,0,0,0,8,0,0
750000,4,2,2,934002,1,8,0,0
600000,2,1,2,1050806,2,5,0,0
1000000,1,0,0,0,0,1,0,0
1000000,4,0,0,0,0,4,0,0
500000,2,1,3,1206367,2,6,0,1
1000000,5,0,0,0,0,5,0,0
1000000,1,1,0,97312,0,2,0,0
833333,5,0,1,0,0,6,0,0
1000000,1,0,0,0,0,1,0,0
1000000,5,1,0,868419,0,6,0,0
500000,1,2,3,774847,2,6,0,1
285714,1,1,5,1421210,1,7,0,1
750000,5,1,2,988806,2,8,0,1
666666,2,0,1,0,0,3,0,0
1000000,3,0,0,0,0,3,0,0
500000,1,1,2,1199803,2,4,0,1
714285,5,0,2,0,0,7,0,0
666666,3,1,2,288618,2,6,0,0
166666,1,0,5,0,5,6,0,0
1000000,0,0,0,0,0,0,0,0
1000000,0,0,0,0,0,0,0,0
428571,0,3,4,1178292,3,7,0,1
714285,5,0,2,0,2,7,0,0
750000,3,0,1,0,1,4,0,0
1000000,8,0,0,0,0,8,0,0
714285,2,3,2,1083846,2,7,0,0
500000,2,0,2,0,1,4,0,0
1000000,4,1,0,283185,0,5,0,0
1000000,6,0,0,0,0,6,0,0
1000000,0,1,0,1303592,0,1,2,0
1000000,3,0,0,0,0,3,0,0
875000,7,0,1,0,1,8,0,0
875000,7,0,1,0,1,8,0,0
400000,1,1,3,2190347,2,5,0,0
750000,2,1,1,1104624,0,4,0,0
750000,3,0,1,0,0,4,0,0
1000000,3,0,0,0,0,3,0,0
0,0,0,2,0,0,2,0,0
833333,3,2,1,1119189,0,6,0,0
1000000,2,0,0,0,0,2,0,0
666666,0,4,2,2046214,2,6,0,1
750000,3,0,1,0,0,4,0,0
1000000,2,0,0,0,0,2,0,0
1000000,6,0,0,0,0,6,0,0
714285,4,1,2,1192342,0,7,0,0
1000000,3,3,0,1462404,0,6,0,0
750000,2,1,1,200794,0,4,0,0
500000,2,1,3,1299073,3,6,0,1
1000000,7,0,0,0,0,7,0,0
1000000,3,0,0,0,0,3,0,0
875000,7,0,1,0,0,8,0,0
875000,7,0,1,0,1,8,0,0
500000,1,0,1,0,0,2,0,0
1000000,5,1,0,654774,0,6,0,0
600000,1,2,2,746328,0,5,0,1
714285,2,3,2,974504,1,7,0,1
1000000,0,0,0,0,0,0,0,0
1000000,3,1,0,451434,0,4,0,0
1000000,5,1,0,667345,0,6,0,0
833333,3,2,1,1317672,0,6,1,1
1000000,5,0,0,0,0,5,0,0
750000,3,0,1,0,0,4,0,0
1000000,4,0,0,0,0,4,0,0
1000000,8,0,0,0,0,8,0,0
857142,2,4,1,1020205,1,7,1,0
1000000,3,0,0,0,0,3,0,0
750000,5,1,2,1564526,0,8,0,0
1000000,3,0,0,0,0,3,0,0
875000,4,3,1,1492143,1,8,0,0
714285,3,2,2,1045251,2,7,0,0
800000,3,1,1,1131754,1,5,0,0
0,0,0,6,0,6,6,0,1
666666,1,1,1,244260,0,3,0,0
1000000,2,2,0,1657063,0,4,0,0
1000000,6,0,0,0,0,6,0,0
1000000,7,0,0,0,0,7,0,0
833333,4,1,1,512672,0,6,0,0
500000,2,1,3,910375,2,6,0,0
500000,4,0,4,0,0,8,0,0
571428,4,0,3,0,3,7,0,0
857142,6,0,1,0,0,7,0,0
600000,2,1,2,139276,1,5,0,1
1000000,5,0,0,0,0,5,0,0
1000000,4,0,0,0,0,4,0,0
500000,2,0,2,0,2,4,0,0
666666,2,2,2,624205,2,6,0,0
600000,3,0,2,0,1,5,0,0
750000,3,0,1,0,0,4,0,0
1000000,0,5,0,1607688,0,5,3,0
1000000,3,0,0,0,0,3,3,0
1000000,5,1,0,299749,0,6,0,0
666666,1,1,1,1992850,0,3,0,1
1000000,6,0,0,0,0,6,0,0
1000000,2,1,0,1987034,0,3,0,0
750000,4,2,2,1325569,2,8,0,0
750000,5,1,2,1083434,1,8,0,0
1000000,5,0,0,0,0,5,0,0
833333,5,0,1,0,0,6,0,0
375000,1,2,5,1517818,4,8,0,0
857142,4,2,1,897786,1,7,0,0
875000,4,3,1,657040,1,8,0,0
1000000,6,0,0,0,0,6,0,0
1000000,3,0,0,0,0,3,0,0
1000000,6,0,0,0,0,6,0,0
333333,1,1,4,608670,4,6,0,0
1000000,4,0,0,0,0,4,0,0
750000,3,0,1,0,0,4,0,0
857142,3,3,1,1068564,0,7,0,1
800000,4,0,1,0,1,5,0,0
1000000,2,0,0,0,0,2,0,0
1000000,4,0,0,0,0,4,0,0
250000,0,1,3,1143924,3,4,0,0
1000000,4,0,0,0,0,4,0,0
600000,2,1,2,784701,0,5,0,0
800000,1,3,1,1583200,0,5,0,0
0,0,0,1,0,0,1,0,0
400000,2,0,3,0,2,5,0,0
750000,1,2,1,1043364,1,4,0,0
1000000,4,0,0,0,0,4,0,0
1000000,0,0,0,0,0,0,0,0
1000000,2,0,0,0,0,2,0,0
875000,5,2,1,685448,0,8,0,0
1000000,3,1,0,155968,0,4,0,0
714285,2,3,2,866325,2,7,0,1
800000,4,0,1,0,0,5,0,0
833333,2,3,1,1075291,1,6,0,0
800000,4,0,1,0,1,5,0,0
1000000,7,1,0,735192,0,8,0,0
1000000,0,0,0,0,0,0,0,0
500000,1,0,1,0,0,2,0,0
1000000,7,0,0,0,0,7,1,0
666666,4,0,2,0,0,6,0,0
625000,4,1,3,1076152,2,8,0,0
1000000,3,0,0,0,0,3,0,0
750000,3,0,1,0,0,4,0,0
875000,7,0,1,0,1,8,0,0
500000,1,1,2,958377,2,4,1,1
666666,2,0,1,0,1,3,0,0
800000,4,0,1,0,0,5,0,0
625000,5,0,3,0,0,8,0,1
1000000,4,0,0,0,0,4,0,0
875000,7,0,1,0,0,8,0,0
1000000,4,0,0,0,0,4,0,0
1000000,5,1,0,582400,0,6,0,0
625000,2,3,3,2026316,1,8,0,0
833333,3,2,1,709786,0,6,0,0
333333,1,1,4,556850,1,6,0,0
750000,2,4,2,2097281,0,8,2,1
571428,3,1,3,737494,1,7,0,0
1000000,6,2,0,793515,0,8,0,0
1000000,0,0,0,0,0,0,0,0
1000000,4,0,0,0,0,4,0,0
400000,1,1,3,872323,1,5,0,0
1000000,7,0,0,0,0,7,0,0
571428,3,1,3,55308,3,7,0,0
750000,1,2,1,1222325,0,4,0,0
1000000,4,0,0,0,0,4,0,0
666666,2,0,1,0,0,3,1,1
1000000,1,0,0,0,0,1,0,0
666666,1,3,2,1144910,2,6,1,1
800000,3,1,1,383839,1,5,0,0
1000000,5,1,0,713736,0,6,2,0
875000,5,2,1,1883714,0,8,0,0
714285,5,0,2,0,0,7,0,0
666666,3,1,2,1068084,1,6,0,0
1000000,4,0,0,0,0,4,0,0
833333,4,1,1,676821,1,6,0,0
1000000,2,2,0,2129517,0,4,0,0
1000000,8,0,0,0,0,8,0,0
1000000,3,2,0,1467337,0,5,0,0
800000,4,0,1,0,1,5,0,1
750000,3,0,1,0,0,4,0,0
714285,4,1,2,1135419,2,7,0,1
1000000,7,0,0,0,0,7,0,0
1000000,7,0,0,0,0,7,0,0
800000,4,0,1,0,0,5,0,1
666666,1,3,2,1317724,2,6,0,1
250000,0,1,3,1395704,0,4,0,0
600000,3,0,2,0,0,5,2,0
1000000,5,0,0,0,0,5,0,0
500000,0,1,1,1482781,1,2,0,0
1000000,5,0,0,0,0,5,3,0
0,0,0,3,0,0,3,2,0
333333,1,0,2,0,2,3,0,0
1000000,4,0,0,0,0,4,0,0
1000000,4,0,0,0,0,4,0,0
800000,1,3,1,1516055,1,5,0,0
714285,4,1,2,111411,1,7,0,1
375000,1,2,5,1269049,5,8,0,1
1000000,4,0,0,0,0,4,0,0
666666,2,0,1,0,0,3,0,0
500000,2,0,2,0,0,4,0,0
1000000,3,0,0,0,0,3,0,0
1000000,6,0,0,0,0,6,0,0
750000,2,1,1,504695,0,4,0,0
1000000,4,3,0,983320,0,7,0,0
1000000,3,0,0,0,0,3,0,0
1000000,0,0,0,0,0,0,0,0
625000,1,4,3,1402543,3,8,0,0
1000000,5,1,0,401421,0,6,0,0
833333,3,2,1,1442656,0,6,0,0
1000000,3,0,0,0,0,3,0,0
666666,2,0,1,0,0,3,2,0
428571,1,2,4,507589,4,7,0,0
1000000,2,1,0,1000120,0,3,0,0
666666,2,2,2,1480561,1,6,0,1
1000000,3,0,0,0,0,3,0,0
714285,3,2,2,1266611,1,7,0,1
1000000,4,1,0,291232,0,5,0,0
1000000,3,0,0,0,0,3,0,0
1000000,5,1,0,791606,0,6,0,0
857142,4,2,1,1175439,0,7,0,1
750000,2,1,1,405432,0,4,0,0
750000,2,1,1,881906,1,4,1,0
375000,1,2,5,1013107,3,8,0,1
857142,4,2,1,1808280,1,7,0,0
600000,2,1,2,1370074,0,5,0,0
571428,2,2,3,1700055,1,7,0,0
1000000,5,0,0,0,0,5,0,0
666666,0,4,2,940997,2,6,0,1
1000000,1,2,0,1459076,0,3,1,0
625000,4,1,3,392197,3,8,0,0
1000000,5,2,0,356401,0,7,0,0
875000,7,0,1,0,0,8,0,0
1000000,1,2,0,1237869,0,3,0,1
833333,5,0,1,0,1,6,0,0
875000,7,0,1,0,0,8,0,0
1000000,3,0,0,0,0,3,0,0
1000000,2,0,0,0,0,2,0,0
1000000,6,0,0,0,0,6,0,0
714285,3,2,2,1438238,2,7,0,0
666666,4,0,2,0,2,6,0,0
833333,4,1,1,1302076,1,6,3,1
857142,5,1,1,449113,1,7,0,0
1000000,1,0,0,0,0,1,0,0
1000000,7,0,0,0,0,7,0,0
714285,4,1,2,899847,2,7,0,0
833333,5,0,1,0,1,6,0,0
1000000,0,0,0,0,0,0,0,0
1000000,2,2,0,1003922,0,4,0,1
714285,3,2,2,458274,2,7,0,1
875000,5,2,1,526604,1,8,0,0
600000,3,0,2,0,0,5,0,0
714285,0,5,2,2226076,2,7,0,1
1000000,1,0,0,0,0,1,0,0
833333,4,1,1,222273,0,6,0,0
714285,4,1,2,1507225,0,7,0,0
1000000,5,1,0,485307,0,6,0,0
1000000,3,0,0,0,0,3,0,0
714285,1,4,2,2720344,0,7,0,1
428571,3,0,4,0,2,7,0,1
1000000,7,0,0,0,0,7,0,0
1000000,7,0,0,0,0,7,0,0
1000000,4,0,0,0,0,4,0,0
875000,7,0,1,0,1,8,0,0
1000000,2,0,0,0,0,2,0,0
500000,1,3,4,969624,4,8,0,1
800000,4,0,1,0,0,5,1,0
875000,7,0,1,0,0,8,3,0
714285,5,0,2,0,0,7,0,0
800000,3,1,1,273647,0,5,0,0
1000000,3,0,0,0,0,3,0,0
857142,6,0,1,0,0,7,0,0
833333,2,3,1,1233384,0,6,0,0
1000000,4,0,0,0,0,4,0,0
875000,4,3,1,1140920,0,8,0,0
833333,4,1,1,128776,0,6,0,0
500000,3,0,3,0,0,6,0,0
1000000,2,0,0,0,0,2,0,0
857142,4,2,1,235643,1,7,0,0
250000,1,0,3,0,3,4,0,0
750000,5,1,2,193835,1,8,0,0
750000,3,0,1,0,1,4,0,0
857142,4,2,1,976036,0,7,0,0
1000000,2,0,0,0,0,2,0,0
750000,5,1,2,237996,2,8,0,0
1000000,4,0,0,0,0,4,0,0
1000000,7,0,0,0,0,7,0,0
333333,1,1,4,511632,3,6,0,0
500000,1,0,1,0,0,2,0,0
1000000,6,1,0,735170,0,7,0,0
1000000,0,0,0,0,0,0,0,0
1000000,6,0,0,0,0,6,0,0
1000000,7,0,0,0,0,7,0,0
625000,2,3,3,2235451,2,8,0,0
750000,4,2,2,1156001,0,8,0,1
833333,4,1,1,132511,1,6,0,0
333333,0,2,4,811250,4,6,0,1
875000,7,0,1,0,0,8,0,0
1000000,1,0,0,0,0,1,0,0
1000000,6,0,0,0,0,6,0,0
750000,2,1,1,380357,0,4,0,0
666666,4,0,2,0,0,6,0,0
875000,6,1,1,384502,0,8,0,0
875000,6,1,1,218165,1,8,0,0
0,0,0,1,0,0,1,0,0
750000,3,0,1,0,0,4,0,0
800000,3,1,1,919626,0,5,0,0
714285,3,2,2,839075,2,7,2,1
750000,3,0,1,0,1,4,0,0
750000,4,2,2,1816290,1,8,0,1
1000000,2,0,0,0,0,2,0,0
666666,2,0,1,0,1,3,0,0
1000000,7,0,0,0,0,7,0,0
1000000,2,1,0,924962,0,3,2,0
0,0,0,2,0,2,2,0,0
750000,3,0,1,0,1,4,0,0
1000000,2,0,0,0,0,2,0,0
200000,1,0,4,0,2,5,0,0
500000,4,0,4,0,2,8,0,0
666666,2,0,1,0,0,3,0,0
1000000,1,1,0,636221,0,2,3,0
500000,3,1,4,801289,3,8,0,0
1000000,4,0,0,0,0,4,0,0
666666,2,0,1,0,0,3,0,0
1000000,4,0,0,0,0,4,0,0
750000,3,0,1,0,1,4,0,0
571428,4,0,3,0,0,7,0,0
500000,3,1,4,765136,4,8,0,0
571428,2,2,3,916086,3,7,0,1
1000000,5,0,0,0,0,5,0,0
800000,4,0,1,0,0,5,0,0
800000,0,4,1,1438462,1,5,0,1
833333,1,4,1,1047703,0,6,2,0
1000000,7,1,0,796907,0,8,0,0
857142,5,1,1,483379,1,7,0,0
750000,4,2,2,1419045,2,8,0,0
1000000,2,1,0,518177,0,3,0,0
875000,7,0,1,0,1,8,0,0
1000000,2,1,0,451997,0,3,0,0
857142,5,1,1,890838,0,7,0,0
875000,7,0,1,0,1,8,0,0
875000,4,3,1,1177763,0,8,0,0
875000,5,2,1,1296254,1,8,0,0
600000,1,2,2,975727,2,5,3,0
750000,5,1,2,601938,2,8,0,0
875000,6,1,1,192956,1,8,0,0
714285,3,2,2,1673296,2,7,0,1
1000000,4,1,0,677224,0,5,0,0
1000000,3,0,0,0,0,3,0,0
1000000,1,0,0,0,0,1,2,1
500000,2,2,4,2141969,0,8,0,0
800000,4,0,1,0,0,5,0,0
1000000,4,0,0,0,0,4,0,0
500000,1,0,1,0,0,2,0,0
1000000,5,3,0,1234563,0,8,0,1
400000,1,1,3,1176319,2,5,0,1
400000,0,2,3,1964707,0,5,0,1
1000000,2,0,0,0,0,2,0,0
1000000,4,1,0,1209843,0,5,0,0
625000,1,4,3,1579308,3,8,0,1
1000000,0,0,0,0,0,0,0,0
1000000,0,1,0,148554,0,1,0,1
333333,2,0,4,0,4,6,1,0
1000000,5,0,0,0,0,5,0,0
833333,4,1,1,699636,1,6,0,0
800000,3,1,1,429978,0,5,0,0
1000000,0,0,0,0,0,0,0,0
1000000,7,1,0,193284,0,8,0,0
833333,5,0,1,0,1,6,0,0
1000000,6,0,0,0,0,6,0,0
500000,3,0,3,0,1,6,3,1
500000,1,1,2,151633,0,4,0,0
1000000,7,0,0,0,0,7,0,0
600000,3,0,2,0,2,5,0,0
500000,2,0,2,0,0,4,2,0
500000,3,1,4,1584914,2,8,0,0
1000000,2,2,0,1101274,0,4,0,0
800000,4,0,1,0,0,5,1,0
1000000,2,1,0,593592,0,3,0,0
500000,1,0,1,0,0,2,0,0
750000,3,0,1,0,0,4,0,0
285714,2,0,5,0,5,7,2,1
428571,1,2,4,646441,3,7,0,0
1000000,4,2,0,958374,0,6,0,0
600000,2,1,2,1660511,2,5,2,1
857142,4,2,1,1488393,0,7,0,0
1000000,6,1,0,741458,0,7,0,0
1000000,3,0,0,0,0,3,0,0
1000000,0,0,0,0,0,0,0,0
750000,5,1,2,433209,0,8,0,0
571428,3,1,3,647055,2,7,0,0
750000,6,0,2,0,1,8,0,0
1000000,0,1,0,484156,0,1,0,0
1000000,3,0,0,0,0,3,0,0
875000,4,3,1,464547,1,8,0,1
1000000,3,2,0,454324,0,5,0,0
600000,2,1,2,373073,0,5,0,0
833333,4,1,1,111910,0,6,0,0
571428,4,0,3,0,0,7,0,0
1000000,2,1,0,127339,0,3,0,0
1000000,7,1,0,172581,0,8,0,0
250000,1,1,6,71416,5,8,0,0
857142,6,0,1,0,1,7,0,0
1000000,4,0,0,0,0,4,0,0
1000000,5,0,0,0,0,5,0,0
750000,2,1,1,1768153,0,4,0,0
1000000,0,2,0,772999,0,2,0,0
1000000,4,2,0,1038252,0,6,0,0
750000,3,3,2,1365041,2,8,0,0
1000000,6,1,0,731716,0,7,0,0
750000,2,4,2,1027192,1,8,0,0
800000,4,0,1,0,0,5,0,0
800000,4,0,1,0,1,5,0,0
714285,5,0,2,0,1,7,0,0
1000000,0,1,0,97008,0,1,0,0
1000000,7,0,0,0,0,7,0,0
500000,2,0,2,0,1,4,0,0
1000000,6,0,0,0,0,6,0,0
333333,1,0,2,0,0,3,0,0
833333,4,1,1,728724,1,6,0,0
1000000,4,3,0,1315353,0,7,0,0
500000,0,4,4,1774982,4,8,0,1
666666,3,1,2,358683,0,6,0,1
375000,0,3,5,2052385,5,8,0,1
750000,6,0,2,0,2,8,1,0
1000000,6,0,0,0,0,6,0,0
750000,5,1,2,672635,0,8,0,0
800000,4,0,1,0,1,5,0,0
571428,1,3,3,1591845,2,7,0,1
833333,3,2,1,1579888,1,6,0,0
750000,4,2,2,1435788,1,8,0,0
857142,4,2,1,1109019,1,7,0,0
1000000,5,0,0,0,0,5,0,0
833333,2,3,1,1560517,0,6,0,1
714285,4,1,2,2126541,0,7,0,0
666666,1,1,1,251288,1,3,0,0
800000,3,1,1,671950,0,5,0,0
1000000,4,1,0,1235243,0,5,0,0
666666,3,1,2,1338592,2,6,0,1
666666,1,3,2,1123605,1,6,2,1
666666,0,2,1,1130744,0,3,0,0
666666,1,1,1,1007697,0,3,0,0
857142,6,0,1,0,1,7,0,0
571428,3,1,3,945362,1,7,0,0
833333,2,3,1,1170140,1,6,0,1
666666,1,3,2,2628055,0,6,0,1
750000,3,3,2,1055438,2,8,0,0
1000000,3,1,0,757251,0,4,0,0
500000,3,0,3,0,1,6,0,1
1000000,2,4,0,1559172,0,6,0,0
625000,2,3,3,2171783,1,8,0,1
1000000,4,1,0,563974,0,5,0,0
1000000,4,3,0,1112010,0,7,0,0
1000000,3,0,0,0,0,3,0,0
1000000,2,0,0,0,0,2,0,0
1000000,0,2,0,796538,0,2,0,0
0,0,0,1,0,0,1,0,0
1000000,2,2,0,1225950,0,4,0,0
714285,5,0,2,0,2,7,0,0
1000000,7,0,0,0,0,7,0,0
833333,5,0,1,0,0,6,0,0
1000000,6,0,0,0,0,6,0,0
1000000,5,2,0,798755,0,7,0,0
1000000,6,1,0,1177414,0,7,0,0
1000000,3,1,0,524867,0,4,0,0
600000,1,2,2,911113,2,5,0,1
666666,4,0,2,0,0,6,0,0
1000000,3,0,0,0,0,3,0,0
857142,2,4,1,1997070,0,7,0,1
333333,1,0,2,0,2,3,0,1
714285,4,1,2,1690635,2,7,0,0
625000,2,3,3,1472586,1,8,1,1
1000000,4,1,0,450448,0,5,0,0
625000,4,1,3,360564,2,8,0,0
714285,3,2,2,1263239,1,7,0,1
1000000,6,1,0,457988,0,7,0,0
1000000,5,2,0,1236148,0,7,0,1
1000000,1,3,0,991302,0,4,0,0
1000000,4,0,0,0,0,4,0,0
666666,0,2,1,2173789,0,3,0,1
1000000,7,1,0,1438995,0,8,0,0
875000,4,3,1,2143706,1,8,0,1
333333,0,2,4,1238537,3,6,0,1
1000000,2,1,0,1131723,0,3,0,0
800000,3,1,1,204777,1,5,0,0
833333,5,0,1,0,0,6,0,0
1000000,3,0,0,0,0,3,0,0
500000,0,1,1,1124905,1,2,0,1
571428,4,0,3,0,3,7,0,0
428571,0,3,4,906411,3,7,0,0
571428,4,0,3,0,2,7,0,0
428571,1,2,4,747336,4,7,0,0
750000,6,0,2,0,1,8,0,0
1000000,6,0,0,0,0,6,2,1
800000,4,0,1,0,0,5,1,0
750000,2,1,1,286192,0,4,0,0
1000000,5,0,0,0,0,5,0,0
666666,2,0,1,0,0,3,0,1
428571,1,2,4,1549178,1,7,0,0
1000000,4,1,0,336370,0,5,0,0
833333,5,0,1,0,1,6,0,0
428571,2,1,4,335838,1,7,0,1
1000000,1,0,0,0,0,1,0,0
800000,4,0,1,0,0,5,0,0
500000,2,2,4,2327927,4,8,0,1
600000,3,0,2,0,1,5,1,0
666666,2,2,2,1265170,0,6,0,0
1000000,2,1,0,178165,0,3,0,0
833333,4,1,1,1317774,0,6,0,0
666666,1,1,1,1662830,0,3,0,1
1000000,6,0,0,0,0,6,0,0
600000,1,2,2,490319,1,5,0,1
1000000,4,0,0,0,0,4,0,0
857142,6,0,1,0,0,7,0,0
1000000,4,0,0,0,0,4,0,0
1000000,5,0,0,0,0,5,0,0
875000,4,3,1,1737918,0,8,0,0
1000000,2,0,0,0,0,2,0,0
714285,4,1,2,488053,1,7,0,1
750000,2,1,1,1249079,0,4,0,0
1000000,4,0,0,0,0,4,0,0
666666,2,0,1,0,0,3,1,0
625000,3,2,3,422454,3,8,0,0
1000000,3,1,0,439948,0,4,0,0
1000000,7,0,0,0,0,7,0,0
1000000,6,1,0,847262,0,7,0,0
1000000,4,0,0,0,0,4,0,0
1000000,3,0,0,0,0,3,0,0
1000000,3,0,0,0,0,3,0,0
1000000,4,1,0,894201,0,5,0,1
400000,1,1,3,1594184,2,5,0,1
833333,3,2,1,1609209,1,6,0,0
600000,3,0,2,0,2,5,0,0
333333,1,0,2,0,0,3,0,0
800000,3,1,1,1378804,0,5,0,0
1000000,4,0,0,0,0,4,0,0
1000000,5,1,0,115155,0,6,1,0
1000000,6,0,0,0,0,6,0,0
285714,1,1,5,907519,5,7,0,0
1000000,5,1,0,501608,0,6,0,0
857142,3,3,1,1788376,1,7,0,0
1000000,4,0,0,0,0,4,0,0
1000000,3,1,0,93713,0,4,0,0
714285,2,3,2,847298,2,7,0,1
1000000,4,0,0,0,0,4,0,0
1000000,5,0,0,0,0,5,0,0
250000,0,1,3,824881,1,4,0,1
1000000,1,1,0,621678,0,2,0,1
1000000,6,1,0,1147659,0,7,0,0
1000000,7,0,0,0,0,7,0,0
750000,3,0,1,0,0,4,0,0
875000,6,1,1,686746,0,8,0,0
875000,4,3,1,1605454,0,8,0,1
1000000,6,0,0,0,0,6,0,0
1000000,2,0,0,0,0,2,0,0
428571,3,0,4,0,2,7,0,0
833333,4,1,1,644331,0,6,0,0
714285,3,2,2,1324720,1,7,0,1
714285,4,1,2,1285862,0,7,0,0
714285,4,1,2,1641205,1,7,0,0
666666,2,2,2,1768829,2,6,0,0
800000,4,0,1,0,1,5,0,0
750000,2,1,1,829071,1,4,0,0
1000000,3,2,0,953653,0,5,0,0
1000000,2,0,0,0,0,2,2,1
833333,5,0,1,0,1,6,0,0
875000,6,1,1,186132,0,8,0,0
500000,2,0,2,0,0,4,0,0
875000,4,3,1,772944,1,8,1,0
1000000,4,0,0,0,0,4,0,0
1000000,4,0,0,0,0,4,0,0
1000000,8,0,0,0,0,8,0,0
600000,2,1,2,717484,1,5,0,0
250000,1,0,3,0,2,4,0,0
666666,1,1,1,588031,0,3,0,0
666666,3,1,2,1843395,1,6,0,0
1000000,2,1,0,862885,0,3,0,0
1000000,4,0,0,0,0,4,0,0
1000000,4,0,0,0,0,4,0,0
833333,3,2,1,1228496,0,6,0,0
1000000,1,0,0,0,0,1,0,0
1000000,5,0,0,0,0,5,0,0
500000,0,1,1,235955,1,2,0,0
800000,4,0,1,0,0,5,0,0
500000,1,0,1,0,0,2,0,1
833333,3,2,1,1190317,1,6,0,0
1000000,5,1,0,837359,0,6,0,0
1000000,6,1,0,235871,0,7,0,0
1000000,3,4,0,1379045,0,7,1,0
500000,0,3,3,1610581,3,6,3,1
400000,1,1,3,677178,3,5,0,0
1000000,4,2,0,942318,0,6,0,0
833333,2,3,1,949369,1,6,0,0
1000000,2,1,0,2334903,0,3,0,1
1000000,6,2,0,270662,0,8,0,0
666666,1,3,2,1803316,0,6,0,1
857142,4,2,1,1498407,1,7,0,0
625000,4,1,3,1047986,3,8,0,0
750000,6,0,2,0,1,8,0,0
1000000,5,0,0,0,0,5,0,0
875000,6,1,1,225000,1,8,0,0
500000,0,1,1,1657580,0,2,0,0
1000000,2,0,0,0,0,2,0,0
1000000,0,4,0,991577,0,4,0,1
500000,3,1,4,1420254,1,8,0,0
428571,2,1,4,1535169,2,7,0,1
750000,6,0,2,0,2,8,0,0
500000,3,0,3,0,2,6,0,1
875000,3,4,1,789043,1,8,0,1
1000000,6,1,0,509783,0,7,0,0
1000000,2,0,0,0,0,2,0,0
625000,5,0,3,0,3,8,0,0
857142,5,1,1,417440,1,7,0,0
666666,1,3,2,1346373,2,6,0,1
1000000,0,0,0,0,0,0,0,0
1000000,6,0,0,0,0,6,0,0
666666,3,1,2,376712,1,6,0,0
1000000,6,0,0,0,0,6,0,0
857142,6,0,1,0,0,7,0,0
833333,5,0,1,0,0,6,0,0
833333,4,1,1,791028,0,6,0,0
875000,7,0,1,0,1,8,3,0
875000,7,0,1,0,1,8,0,0
666666,1,1,1,518512,0,3,0,0
800000,2,2,1,1236626,0,5,0,0
0,0,0,1,0,0,1,0,0
750000,1,5,2,605597,2,8,0,1
875000,6,1,1,957021,1,8,0,0
400000,1,1,3,1554752,3,5,0,1
500000,1,0,1,0,1,2,0,0
800000,2,2,1,647005,1,5,0,0
1000000,7,0,0,0,0,7,0,0
1000000,6,2,0,413654,0,8,0,0
857142,3,3,1,1576030,1,7,2,0
1000000,1,1,0,444074,0,2,0,0
600000,3,0,2,0,0,5,0,0
666666,2,2,2,960667,0,6,0,0
750000,4,2,2,780681,1,8,0,0
1000000,5,0,0,0,0,5,0,0
1000000,4,3,0,1684432,0,7,0,1
857142,5,1,1,490494,1,7,0,0
200000,0,1,4,916231,3,5,0,1
666666,1,1,1,1002220,0,3,0,1
1000000,8,0,0,0,0,8,0,0
333333,0,2,4,1516437,3,6,0,1
1000000,2,1,0,1979263,0,3,0,1
333333,0,1,2,39197,2,3,0,0
600000,1,2,2,2402746,1,5,0,0
1000000,1,0,0,0,0,1,0,0
857142,6,0,1,0,0,7,0,0
1000000,4,3,0,930469,0,7,0,0
500000,4,0,4,0,1,8,0,0
500000,1,1,2,2019993,2,4,1,0
1000000,1,2,0,1484839,0,3,0,0
600000,1,2,2,2048230,0,5,0,0
500000,2,0,2,0,0,4,0,0
1000000,6,2,0,856394,0,8,0,0
428571,2,1,4,48336,0,7,0,0
1000000,1,1,0,397175,0,2,3,0
666666,3,1,2,901328,2,6,0,0
875000,6,1,1,50493,1,8,0,0
1000000,2,1,0,1359862,0,3,0,0
666666,4,0,2,0,0,6,0,0
1000000,3,0,0,0,0,3,0,0
1000000,2,2,0,882430,0,4,0,0
750000,2,4,2,1385615,1,8,3,1
1000000,3,1,0,1351459,0,4,2,0
666666,1,1,1,1078842,0,3,0,1
1000000,2,1,0,762129,0,3,0,0
666666,2,0,1,0,1,3,0,0
1000000,2,0,0,0,0,2,0,0
750000,4,2,2,1753054,1,8,0,0
1000000,4,1,0,126006,0,5,0,0
1000000,4,2,0,1061732,0,6,0,0
833333,5,0,1,0,1,6,0,0
1000000,0,1,0,216914,0,1,0,1
571428,2,2,3,1447826,3,7,0,0
1000000,2,2,0,747120,0,4,1,0
1000000,4,0,0,0,0,4,3,0
500000,1,0,1,0,0,2,0,0
875000,5,2,1,938048,1,8,0,1
1000000,4,0,0,0,0,4,0,0
625000,4,1,3,1107861,3,8,1,0
666666,3,1,2,684233,0,6,0,0
875000,5,2,1,595781,1,8,0,0
600000,3,0,2,0,2,5,0,0
500000,1,1,2,1785523,1,4,0,1
857142,6,0,1,0,0,7,0,0
800000,1,3,1,1885023,1,5,0,0
666666,4,0,2,0,0,6,0,0
1000000,5,0,0,0,0,5,0,0
625000,2,3,3,982457,2,8,0,0
800000,4,0,1,0,0,5,0,0
1000000,3,0,0,0,0,3,0,0
857142,6,0,1,0,1,7,0,0
857142,5,1,1,794552,0,7,0,1
1000000,3,0,0,0,0,3,0,0
750000,4,2,2,1768772,0,8,0,1
1000000,6,1,0,91476,0,7,0,0
750000,5,1,2,637107,0,8,0,0
1000000,4,3,0,1532665,0,7,0,0
800000,3,1,1,304279,0,5,1,0
400000,0,2,3,1982705,3,5,0,1
1000000,6,1,0,207357,0,7,0,0
600000,1,2,2,1513037,0,5,0,0
800000,2,2,1,367054,1,5,0,0
1000000,2,2,0,1997312,0,4,1,0
1000000,3,1,0,1009867,0,4,0,0
1000000,7,0,0,0,0,7,0,0
1000000,5,0,0,0,0,5,0,0
600000,0,3,2,2415416,2,5,1,1
857142,5,1,1,330984,0,7,0,0
1000000,4,1,0,389425,0,5,0,0
571428,4,0,3,0,0,7,0,0
1000000,3,0,0,0,0,3,0,0
625000,4,1,3,1035116,1,8,0,0
600000,2,1,2,569159,0,5,0,0
1000000,8,0,0,0,0,8,0,0
500000,0,4,4,1763333,4,8,0,1
750000,1,2,1,928605,1,4,0,1
400000,1,1,3,197066,2,5,0,0
750000,3,0,1,0,0,4,0,0
1000000,4,1,0,59834,0,5,0,0
1000000,5,0,0,0,0,5,0,0
857142,5,1,1,496735,0,7,0,0
1000000,8,0,0,0,0,8,0,0
875000,7,0,1,0,0,8,0,0
600000,3,0,2,0,2,5,0,0
666666,4,0,2,0,1,6,0,0
1000000,5,0,0,0,0,5,0,0
833333,3,2,1,1581960,1,6,3,0
1000000,4,2,0,550315,0,6,0,0
1000000,4,0,0,0,0,4,0,0
875000,7,0,1,0,1,8,0,0
1000000,7,1,0,436120,0,8,0,0
666666,2,0,1,0,1,3,0,1
1000000,7,1,0,938617,0,8,0,0
1000000,0,3,0,1422556,0,3,0,0
857142,6,0,1,0,0,7,0,0
625000,3,2,3,1650910,3,8,0,1
750000,6,0,2,0,1,8,0,0
800000,4,0,1,0,0,5,0,0
833333,4,1,1,1237888,0,6,0,0
571428,2,2,3,380352,3,7,0,0
571428,4,0,3,0,1,7,0,0
666666,1,1,1,815597,0,3,0,0
1000000,5,0,0,0,0,5,0,0
800000,2,2,1,1116342,1,5,0,1
875000,6,1,1,535429,1,8,0,0
1000000,8,0,0,0,0,8,0,0
875000,7,0,1,0,0,8,0,0
714285,5,0,2,0,0,7,1,0
750000,3,0,1,0,1,4,3,1
666666,1,3,2,523004,2,6,0,0
1000000,2,1,0,102946,0,3,0,0
1000000,4,1,0,143985,0,5,0,0
1000000,4,1,0,1067901,0,5,0,0
666666,1,3,2,2895828,2,6,0,1
750000,2,1,1,788868,0,4,0,0
857142,4,2,1,1242720,1,7,0,0
500000,1,0,1,0,0,2,0,0
1000000,4,0,0,0,0,4,3,0
1000000,4,3,0,757013,0,7,0,0
666666,2,0,1,0,0,3,0,0
1000000,0,0,0,0,0,0,0,0
1000000,4,0,0,0,0,4,0,0
833333,5,0,1,0,1,6,0,0
750000,1,2,1,1429138,1,4,0,1
428571,0,3,4,1696004,1,7,0,1
1000000,3,0,0,0,0,3,0,0
1000000,3,4,0,1188478,0,7,0,0
1000000,5,1,0,897975,0,6,1,0
1000000,7,0,0,0,0,7,0,0
1000000,4,0,0,0,0,4,0,0
200000,1,0,4,0,3,5,0,0
833333,5,0,1,0,1,6,0,0
1000000,3,0,0,0,0,3,0,0
600000,3,0,2,0,0,5,0,0
833333,1,4,1,1414112,1,6,0,0
1000000,4,1,0,386519,0,5,0,0
750000,6,0,2,0,1,8,0,0
1000000,5,3,0,1534189,0,8,0,0
285714,0,2,5,460703,5,7,0,1
666666,3,1,2,46876,1,6,1,0
285714,0,2,5,1687061,3,7,0,1
1000000,7,1,0,145505,0,8,0,0
714285,1,4,2,1695286,0,7,0,0
1000000,5,0,0,0,0,5,0,0
750000,6,0,2,0,0,8,0,0
875000,7,0,1,0,0,8,0,0
750000,3,0,1,0,0,4,0,0
750000,2,1,1,361901,0,4,0,0
750000,5,1,2,219589,1,8,0,0
666666,3,1,2,1635738,0,6,0,0
800000,4,0,1,0,0,5,0,0
625000,1,4,3,1158417,3,8,0,1
666666,3,1,2,1330722,2,6,0,0
1000000,6,0,0,0,0,6,0,0
571428,2,2,3,2336355,1,7,0,1
833333,5,0,1,0,0,6,0,0
750000,4,2,2,1438480,1,8,0,0
625000,3,2,3,414612,3,8,0,0
1000000,0,0,0,0,0,0,0,0
1000000,5,0,0,0,0,5,0,0
1000000,2,1,0,509180,0,3,0,0
714285,0,5,2,2854976,2,7,0,1
1000000,0,0,0,0,0,0,0,0
600000,1,2,2,1626432,1,5,0,1
857142,2,4,1,1510403,0,7,0,1
800000,3,1,1,170313,0,5,0,0
875000,7,0,1,0,1,8,0,0
1000000,4,1,0,652407,0,5,0,0
1000000,6,1,0,752621,0,7,0,0
750000,3,0,1,0,0,4,0,0
1000000,2,2,0,929042,0,4,0,0
750000,3,0,1,0,1,4,0,0
600000,2,1,2,391703,0,5,0,0
1000000,2,0,0,0,0,2,0,0
400000,0,2,3,643254,3,5,0,0
1000000,6,0,0,0,0,6,0,0
1000000,2,1,0,1546791,0,3,0,0
1000000,7,0,0,0,0,7,0,0
1000000,1,0,0,0,0,1,0,0
1000000,7,1,0,288879,0,8,0,0
625000,2,3,3,2727699,3,8,0,0
800000,4,0,1,0,1,5,0,0
1000000,4,1,0,794951,0,5,0,0
1000000,4,0,0,0,0,4,3,0
875000,6,1,1,539573,1,8,0,0
1000000,4,2,0,626675,0,6,0,0
833333,5,0,1,0,0,6,0,0
750000,5,1,2,826849,2,8,0,1
1000000,7,1,0,220980,0,8,0,0
1000000,3,1,0,1180570,0,4,0,0
714285,5,0,2,0,2,7,0,0
875000,4,3,1,717110,1,8,0,0
857142,6,0,1,0,0,7,0,0
857142,6,0,1,0,1,7,0,0
666666,3,1,2,615851,1,6,0,1
1000000,6,2,0,682725,0,8,0,0
1000000,4,0,0,0,0,4,0,0
1000000,6,0,0,0,0,6,0,0
500000,2,0,2,0,1,4,0,0
500000,1,2,3,1064469,2,6,0,0
1000000,0,0,0,0,0,0,0,0
1000000,4,2,0,364973,0,6,1,0
1000000,3,1,0,156867,0,4,0,0
833333,4,1,1,608085,0,6,0,0
1000000,0,0,0,0,0,0,0,0
875000,6,1,1,794561,1,8,0,0
857142,5,1,1,351998,1,7,0,0
1000000,6,1,0,681106,0,7,0,0
857142,3,3,1,670152,1,7,0,0
375000,2,1,5,862442,2,8,0,1
1000000,0,0,0,0,0,0,0,0
500000,2,1,3,643702,1,6,0,1
1000000,1,1,0,676561,0,2,1,0
833333,5,0,1,0,0,6,0,0
833333,3,2,1,1364928,0,6,0,0
1000000,1,1,0,762768,0,2,0,0
1000000,7,0,0,0,0,7,0,0
666666,2,0,1,0,0,3,0,0
800000,4,0,1,0,1,5,2,0
714285,4,1,2,1304652,0,7,0,0
333333,0,2,4,1868709,2,6,1,0
500000,0,3,3,1279476,3,6,0,0
333333,1,1,4,440716,4,6,0,1
800000,3,1,1,216016,1,5,0,0
333333,2,0,4,0,4,6,0,0
800000,4,0,1,0,0,5,0,0
714285,0,5,2,906907,2,7,0,1
600000,2,1,2,1263608,2,5,0,0
800000,3,1,1,1753598,0,5,0,0
1000000,4,1,0,849644,0,5,0,0
857142,4,2,1,1386646,1,7,0,0
1000000,0,2,0,909884,0,2,0,0
1000000,5,2,0,560239,0,7,0,0
1000000,1,0,0,0,0,1,0,0
600000,2,1,2,797165,0,5,0,0
625000,2,3,3,1787259,3,8,0,0
1000000,5,1,0,282419,0,6,1,0
333333,2,0,4,0,3,6,0,1
1000000,5,1,0,867344,0,6,0,0
1000000,1,0,0,0,0,1,0,0
750000,3,0,1,0,0,4,1,0
800000,2,2,1,2281377,1,5,0,0
1000000,4,1,0,720337,0,5,0,0
714285,5,0,2,0,2,7,0,0
875000,7,0,1,0,1,8,0,0
714285,4,1,2,882397,1,7,0,0
714285,4,1,2,433197,2,7,0,0
375000,1,2,5,2263793,0,8,0,0
625000,3,2,3,1332237,3,8,0,1
1000000,4,0,0,0,0,4,0,0
1000000,1,0,0,0,0,1,0,0
1000000,5,0,0,0,0,5,0,0
625000,5,0,3,0,2,8,1,0
1000000,6,0,0,0,0,6,0,0
500000,2,1,3,314914,3,6,0,0
625000,1,4,3,1132864,3,8,0,1
1000000,6,1,0,460805,0,7,0,0
285714,2,0,5,0,3,7,0,1
750000,2,1,1,751694,1,4,0,0
1000000,7,1,0,965196,0,8,0,0
875000,4,3,1,860253,1,8,0,1
375000,3,0,5,0,5,8,0,0
1000000,0,0,0,0,0,0,0,0
0,0,0,2,0,1,2,0,0
1000000,5,0,0,0,0,5,0,0
1000000,4,0,0,0,0,4,0,0
1000000,4,0,0,0,0,4,0,0
714285,4,1,2,663309,0,7,0,0
1000000,0,1,0,442661,0,1,0,0
750000,3,0,1,0,0,4,0,0
625000,3,2,3,762807,0,8,0,0
750000,5,1,2,690879,0,8,3,0
428571,1,2,4,822727,4,7,0,0
875000,4,3,1,1711906,1,8,0,1
1000000,4,0,0,0,0,4,2,0
1000000,7,0,0,0,0,7,0,0
500000,2,1,3,325325,3,6,0,0
1000000,4,1,0,968970,0,5,0,0
875000,7,0,1,0,0,8,0,0
750000,3,0,1,0,1,4,0,0
875000,7,0,1,0,1,8,1,0
833333,5,0,1,0,0,6,0,0
857142,3,3,1,1872002,1,7,0,0
500000,2,0,2,0,0,4,0,0
1000000,4,0,0,0,0,4,1,0
375000,0,3,5,872994,5,8,0,1
857142,4,2,1,1818821,0,7,0,1
1000000,3,0,0,0,0,3,0,0
833333,5,0,1,0,0,6,0,0
500000,1,0,1,0,0,2,0,0
750000,1,2,1,2137317,1,4,1,0
833333,4,1,1,571041,0,6,0,0
750000,2,4,2,752068,1,8,0,0
750000,3,0,1,0,0,4,0,0
800000,4,0,1,0,1,5,0,0
500000,1,1,2,1448227,1,4,0,1
500000,0,4,4,523680,3,8,0,1
833333,3,2,1,1448711,1,6,0,0
1000000,6,0,0,0,0,6,0,0
857142,6,0,1,0,1,7,0,0
250000,1,0,3,0,2,4,0,1
1000000,7,0,0,0,0,7,0,0
666666,2,0,1,0,1,3,0,0
1000000,4,2,0,851288,0,6,0,0
833333,4,1,1,90519,0,6,0,0
833333,5,0,1,0,1,6,0,1
1000000,6,0,0,0,0,6,0,0
1000000,5,1,0,131551,0,6,0,0
1000000,7,0,0,0,0,7,0,0
833333,4,1,1,705724,0,6,0,0
800000,1,3,1,368397,1,5,0,0
1000000,6,0,0,0,0,6,0,0
1000000,3,1,0,1006501,0,4,0,0
857142,6,0,1,0,0,7,0,0
666666,2,0,1,0,0,3,0,0
750000,2,1,1,998925,1,4,0,0
800000,4,0,1,0,1,5,0,0
333333,1,0,2,0,0,3,0,0
800000,4,0,1,0,1,5,0,0
1000000,2,0,0,0,0,2,0,0
1000000,1,0,0,0,0,1,2,0
1000000,6,1,0,794622,0,7,0,0
666666,2,2,2,1739325,2,6,0,0
625000,3,2,3,777420,3,8,0,0
1000000,6,0,0,0,0,6,0,0
400000,0,2,3,994539,3,5,0,0
500000,2,0,2,0,1,4,0,1
600000,1,2,2,779708,0,5,0,0
1000000,5,0,0,0,0,5,0,0
600000,2,1,2,311873,0,5,0,0
1000000,7,1,0,81905,0,8,3,0
857142,4,2,1,873082,0,7,0,0
714285,5,0,2,0,2,7,0,0
800000,3,1,1,1117036,0,5,0,0
857142,6,0,1,0,1,7,0,0
571428,2,2,3,1206433,3,7,0,0
400000,1,1,3,793729,0,5,0,0
1000000,4,0,0,0,0,4,0,0
1000000,4,1,0,632121,0,5,0,0
142857,0,1,6,1397175,5,7,0,0
714285,2,3,2,1122395,2,7,0,1
1000000,6,1,0,115417,0,7,0,0
1000000,6,0,0,0,0,6,3,0
400000,2,0,3,0,2,5,0,0
750000,1,2,1,1463509,0,4,0,0
250000,1,1,6,1200543,5,8,0,0
1000000,4,1,0,469360,0,5,0,1
800000,3,1,1,541892,0,5,0,0
1000000,3,0,0,0,0,3,0,0
750000,5,1,2,385406,0,8,0,0
1000000,4,0,0,0,0,4,1,0
714285,5,0,2,0,1,7,0,0
1000000,0,1,0,487749,0,1,0,0
0,0,0,3,0,2,3,0,1
1000000,1,0,0,0,0,1,0,0
714285,4,1,2,1330218,0,7,0,0
800000,4,0,1,0,1,5,3,0
1000000,4,0,0,0,0,4,0,0
875000,7,0,1,0,0,8,0,0
857142,5,1,1,846289,1,7,0,0
285714,0,2,5,2063175,5,7,3,1
1000000,2,2,0,1705681,0,4,0,1
1000000,5,1,0,383338,0,6,0,0
1000000,4,0,0,0,0,4,0,0
500000,2,0,2,0,0,4,0,0
666666,4,0,2,0,0,6,1,0
666666,2,0,1,0,0,3,0,0
428571,3,0,4,0,1,7,0,0
833333,5,0,1,0,1,6,0,0
1000000,6,2,0,440915,0,8,0,0
1000000,4,2,0,1478247,0,6,0,0
400000,1,1,3,848901,2,5,0,0
833333,5,0,1,0,0,6,0,0
1000000,7,1,0,899164,0,8,0,0
800000,1,3,1,1351493,0,5,0,0
666666,3,1,2,84398,2,6,0,0
500000,1,1,2,1064799,1,4,0,0
1000000,8,0,0,0,0,8,0,0
333333,2,0,4,0,4,6,0,0
833333,5,0,1,0,0,6,0,0
1000000,2,1,0,371531,0,3,2,1
857142,6,0,1,0,0,7,0,0
1000000,3,1,0,784894,0,4,0,1
1000000,3,2,0,965504,0,5,2,0
1000000,6,1,0,648826,0,7,0,0
800000,4,0,1,0,0,5,0,0
0,0,0,3,0,3,3,0,1
875000,7,0,1,0,1,8,0,0
1000000,4,1,0,642999,0,5,0,0
1000000,1,0,0,0,0,1,0,0
1000000,1,0,0,0,0,1,0,0
750000,2,1,1,90793,0,4,0,0
1000000,2,0,0,0,0,2,0,0
600000,1,2,2,293473,2,5,0,1
750000,3,0,1,0,1,4,0,0
1000000,3,1,0,42471,0,4,0,0
250000,0,2,6,990591,6,8,0,0
1000000,6,0,0,0,0,6,0,0
750000,3,3,2,1362955,1,8,0,0
1000000,7,0,0,0,0,7,0,0
857142,6,0,1,0,1,7,0,0
714285,4,1,2,2180123,0,7,0,1
750000,1,2,1,1435140,1,4,0,0
750000,5,1,2,1220695,2,8,0,0
750000,4,2,2,1057623,1,8,0,0
750000,0,3,1,2725300,1,4,0,1
1000000,4,2,0,932311,0,6,0,0
1000000,3,1,0,1055896,0,4,0,0
1000000,2,1,0,1065190,0,3,0,0
666666,3,1,2,504907,1,6,0,1
666666,1,1,1,1858002,0,3,0,1
857142,5,1,1,200231,0,7,1,0
1000000,5,1,0,1006360,0,6,0,0
1000000,2,0,0,0,0,2,0,0
428571,2,1,4,1462420,2,7,2,1
750000,2,1,1,1143786,0,4,0,0
833333,5,0,1,0,1,6,0,0
1000000,8,0,0,0,0,8,0,0
833333,5,0,1,0,0,6,0,0
1000000,0,0,0,0,0,0,0,0
1000000,3,5,0,2549328,0,8,0,1
800000,4,0,1,0,0,5,0,0
375000,2,1,5,920779,3,8,0,0
875000,6,1,1,939758,1,8,0,0
1000000,2,0,0,0,0,2,0,0
857142,1,5,1,977458,1,7,0,0
1000000,5,1,0,751650,0,6,0,0
400000,0,2,3,2481352,1,5,0,1
500000,1,0,1,0,0,2,0,0
750000,3,0,1,0,0,4,0,0
857142,3,3,1,976638,0,7,3,0
1000000,3,1,0,1607467,0,4,0,0
600000,2,1,2,850063,2,5,0,0
1000000,8,0,0,0,0,8,0,0
1000000,0,3,0,646332,0,3,0,1
1000000,6,1,0,307849,0,7,0,0
0,0,0,2,0,2,2,0,1
1000000,7,0,0,0,0,7,0,0
857142,6,0,1,0,1,7,0,0
1000000,4,0,0,0,0,4,0,0
750000,5,1,2,1085112,2,8,0,0
800000,4,0,1,0,1,5,0,0
1000000,4,0,0,0,0,4,0,0
875000,6,1,1,645985,1,8,0,0
1000000,5,2,0,1457478,0,7,3,0
1000000,6,0,0,0,0,6,0,0
1000000,1,2,0,174586,0,3,0,0
1000000,5,0,0,0,0,5,0,0
1000000,3,1,0,183751,0,4,0,0
250000,0,1,3,1048181,3,4,0,1
666666,1,3,2,1284622,1,6,0,1
1000000,4,1,0,257509,0,5,0,0
833333,5,0,1,0,0,6,0,0
857142,4,2,1,1432549,1,7,0,0
1000000,4,0,0,0,0,4,0,0
1000000,0,0,0,0,0,0,0,1
142857,1,0,6,0,4,7,0,1
857142,6,0,1,0,1,7,0,1
1000000,3,1,0,953054,0,4,0,0
750000,6,0,2,0,0,8,0,0
1000000,4,1,0,75994,0,5,0,0
1000000,5,1,0,1045456,0,6,0,0
750000,1,2,1,1381848,1,4,0,0
750000,5,1,2,124236,1,8,0,0
1000000,1,0,0,0,0,1,0,0
375000,0,3,5,180471,5,8,0,0
714285,4,1,2,1445201,2,7,0,0
1000000,2,0,0,0,0,2,0,0
0,0,0,1,0,1,1,0,1
875000,3,4,1,1659033,0,8,0,0
750000,4,2,2,1425673,0,8,1,1
1000000,4,1,0,314489,0,5,0,0
1000000,0,0,0,0,0,0,0,0
714285,5,0,2,0,0,7,0,0
1000000,5,0,0,0,0,5,0,0
750000,3,0,1,0,1,4,0,1
750000,3,0,1,0,1,4,0,0
400000,0,2,3,519243,3,5,0,1
1000000,1,2,0,1031760,0,3,0,0
875000,6,1,1,501279,0,8,0,0
1000000,3,2,0,283158,0,5,0,0
1000000,7,0,0,0,0,7,0,0
666666,2,2,2,630392,0,6,0,0
833333,2,3,1,863399,0,6,0,0
750000,6,0,2,0,2,8,0,0
0,0,0,5,0,5,5,0,1
1000000,3,0,0,0,0,3,0,0
1000000,7,0,0,0,0,7,0,0
1000000,1,1,0,1208553,0,2,0,0
800000,2,2,1,602738,1,5,0,0
1000000,1,0,0,0,0,1,0,0
833333,4,1,1,91208,0,6,3,0
750000,3,0,1,0,0,4,0,0
714285,1,4,2,1509838,1,7,0,1
833333,4,1,1,603351,1,6,1,0
800000,3,1,1,1332218,0,5,0,0
500000,1,0,1,0,0,2,0,0
500000,1,0,1,0,0,2,0,0
666666,2,0,1,0,1,3,0,0
750000,6,0,2,0,0,8,3,0
750000,3,0,1,0,0,4,0,0
800000,4,0,1,0,1,5,0,0
750000,2,4,2,1810061,1,8,0,0
1000000,3,0,0,0,0,3,0,0
833333,3,2,1,1176807,0,6,0,0
1000000,3,0,0,0,0,3,0,0
1000000,3,1,0,275204,0,4,0,0
1000000,2,0,0,0,0,2,0,0
1000000,3,0,0,0,0,3,2,0
714285,5,0,2,0,1,7,0,0
1000000,2,0,0,0,0,2,0,0
833333,5,0,1,0,0,6,0,0
1000000,7,0,0,0,0,7,0,0
875000,7,0,1,0,1,8,0,0
400000,1,1,3,148094,3,5,0,0
750000,3,0,1,0,1,4,0,0
500000,3,0,3,0,2,6,0,0
1000000,3,1,0,550922,0,4,0,0
1000000,6,2,0,606497,0,8,0,0
857142,3,3,1,903222,0,7,0,0
857142,5,1,1,169467,1,7,0,0
714285,3,2,2,671943,2,7,0,0
571428,3,1,3,200017,1,7,0,1
1000000,4,0,0,0,0,4,0,0
625000,1,4,3,1322299,3,8,0,0
250000,0,1,3,318494,2,4,0,1
714285,4,1,2,600411,0,7,0,0
857142,3,3,1,821505,0,7,3,0
666666,2,0,1,0,0,3,0,0
1000000,2,0,0,0,0,2,0,0
500000,0,3,3,2413956,0,6,2,0
1000000,8,0,0,0,0,8,0,0
714285,4,1,2,769156,1,7,0,0
1000000,4,0,0,0,0,4,0,0
600000,2,1,2,540111,1,5,0,0
1000000,5,0,0,0,0,5,0,0
875000,4,3,1,1100928,0,8,0,0
857142,6,0,1,0,1,7,0,0
1000000,2,2,0,1219579,0,4,0,0
833333,5,0,1,0,0,6,0,0
1000000,7,1,0,587799,0,8,0,0
666666,1,1,1,1117222,0,3,0,0
666666,1,1,1,267083,0,3,0,0
750000,3,0,1,0,0,4,0,0
750000,3,0,1,0,0,4,0,0
625000,4,1,3,164200,3,8,0,0
500000,2,0,2,0,0,4,0,0
1000000,1,2,0,1278333,0,3,0,0
800000,4,0,1,0,0,5,0,0
750000,2,4,2,1257684,1,8,0,0
1000000,4,0,0,0,0,4,0,0
1000000,3,0,0,0,0,3,0,0
1000000,6,1,0,1520771,0,7,0,0
857142,6,0,1,0,1,7,0,0
1000000,5,0,0,0,0,5,0,0
800000,4,0,1,0,0,5,0,0
666666,2,0,1,0,1,3,0,0
1000000,8,0,0,0,0,8,0,0
800000,2,2,1,208746,1,5,0,1
1000000,1,1,0,1005179,0,2,0,0
625000,4,1,3,516520,3,8,0,0
875000,6,1,1,224504,1,8,0,0
1000000,4,0,0,0,0,4,0,0
1000000,5,3,0,1201292,0,8,0,0
1000000,5,0,0,0,0,5,0,0
600000,2,1,2,311809,2,5,0,0
833333,5,0,1,0,1,6,0,0
500000,4,0,4,0,3,8,0,0
800000,3,1,1,1582550,0,5,0,0
375000,2,1,5,573012,4,8,0,1
750000,1,5,2,978941,2,8,0,0
1000000,5,0,0,0,0,5,0,0
625000,1,4,3,1153225,3,8,0,1
750000,4,2,2,1386259,2,8,0,0
1000000,4,0,0,0,0,4,0,0
666666,0,2,1,2392764,0,3,0,0
833333,2,3,1,990585,1,6,0,0
625000,3,2,3,975494,3,8,0,1
1000000,3,1,0,1748904,0,4,0,0
857142,3,3,1,749821,0,7,0,1
666666,3,1,2,367330,2,6,0,0
500000,1,3,4,1042408,4,8,0,0
857142,4,2,1,1053297,1,7,0,0
1000000,5,0,0,0,0,5,0,0
571428,3,1,3,1760307,0,7,0,0
375000,2,1,5,2118259,5,8,0,1
1000000,3,3,0,1971444,0,6,1,1
666666,1,3,2,1723859,0,6,3,0
1000000,3,1,0,287925,0,4,0,0
800000,2,2,1,512912,1,5,0,0
500000,2,1,3,1517309,2,6,0,0
1000000,3,0,0,0,0,3,0,0
857142,6,0,1,0,1,7,0,0
1000000,5,2,0,711600,0,7,0,0
625000,3,2,3,1063755,3,8,0,0
666666,2,0,1,0,0,3,0,0
1000000,4,0,0,0,0,4,0,0
875000,6,1,1,549759,1,8,0,0
1000000,1,0,0,0,0,1,0,0
833333,5,0,1,0,1,6,0,0
600000,3,0,2,0,0,5,1,0
1000000,2,4,0,457496,0,6,2,0
1000000,2,0,0,0,0,2,0,0
800000,2,2,1,744423,1,5,0,0
800000,1,3,1,693559,1,5,0,0
1000000,1,1,0,375872,0,2,0,0
428571,3,0,4,0,3,7,0,0
625000,5,0,3,0,3,8,0,0
500000,0,2,2,1584246,0,4,3,0
875000,6,1,1,981276,0,8,0,0
1000000,6,0,0,0,0,6,0,0
1000000,3,4,0,1635962,0,7,0,0
833333,4,1,1,102538,1,6,0,0
1000000,1,0,0,0,0,1,0,0
1000000,1,0,0,0,0,1,0,0
800000,4,0,1,0,0,5,0,0
1000000,4,1,0,1042759,0,5,0,0
1000000,2,0,0,0,0,2,0,0
750000,6,0,2,0,2,8,0,0
0,0,0,3,0,0,3,0,0
750000,1,2,1,386465,1,4,0,0
1000000,7,1,0,1006447,0,8,0,0
1000000,4,0,0,0,0,4,1,0
1000000,6,0,0,0,0,6,0,0
1000000,6,0,0,0,0,6,0,0
500000,1,1,2,1694770,0,4,2,0
750000,5,1,2,496989,2,8,0,0
800000,2,2,1,1341068,0,5,0,0
500000,1,3,4,1214078,1,8,0,1
1000000,4,0,0,0,0,4,0,0
1000000,5,0,0,0,0,5,0,0
1000000,1,0,0,0,0,1,0,0
1000000,2,2,0,730886,0,4,0,0
1000000,4,0,0,0,0,4,0,0
833333,3,2,1,1809698,0,6,0,0
625000,5,0,3,0,2,8,0,0
1000000,2,0,0,0,0,2,0,0
1000000,8,0,0,0,0,8,0,0
750000,0,3,1,2039808,1,4,0,1
714285,4,1,2,579210,1,7,0,0
1000000,6,1,0,706658,0,7,0,0
857142,6,0,1,0,0,7,0,0
1000000,3,0,0,0,0,3,0,0
857142,5,1,1,1064003,1,7,0,0
875000,5,2,1,554722,0,8,0,0
714285,3,2,2,1059899,1,7,0,0
166666,0,1,5,202948,3,6,3,1
857142,5,1,1,184394,0,7,0,1
1000000,7,1,0,814355,0,8,0,0
1000000,6,0,0,0,0,6,0,0
1000000,4,0,0,0,0,4,0,0
1000000,2,0,0,0,0,2,0,0
800000,3,1,1,730722,1,5,0,0
1000000,6,1,0,850997,0,7,0,0
857142,6,0,1,0,0,7,0,0
666666,4,0,2,0,1,6,0,0
1000000,3,0,0,0,0,3,0,0
1000000,0,0,0,0,0,0,0,0
750000,5,1,2,938633,1,8,0,1
666666,2,2,2,2274628,0,6,0,1
750000,4,2,2,829749,0,8,0,0
750000,2,1,1,1772599,0,4,0,0
1000000,6,0,0,0,0,6,0,0
428571,1,2,4,793569,1,7,0,1
875000,3,4,1,1400984,1,8,0,0
875000,7,0,1,0,1,8,0,0
1000000,5,0,0,0,0,5,0,0
1000000,4,1,0,254493,0,5,0,0
800000,3,1,1,578298,1,5,0,0
600000,3,0,2,0,0,5,0,0
1000000,7,0,0,0,0,7,0,0
333333,0,1,2,130825,2,3,0,0
625000,5,0,3,0,3,8,0,0
833333,5,0,1,0,1,6,0,0
625000,5,0,3,0,2,8,0,0
800000,4,0,1,0,0,5,0,0
1000000,3,0,0,0,0,3,0,0
800000,4,0,1,0,1,5,0,0
666666,3,1,2,77229,2,6,0,0
800000,4,0,1,0,0,5,0,0
857142,5,1,1,226697,0,7,0,0
625000,5,0,3,0,3,8,0,0
833333,2,3,1,1269294,0,6,0,1
1000000,5,1,0,486260,0,6,0,0
500000,1,2,3,815340,3,6,0,1
1000000,6,0,0,0,0,6,0,0
1000000,5,0,0,0,0,5,0,0
500000,2,2,4,1185275,4,8,0,1
500000,2,1,3,743832,2,6,0,0
250000,0,1,3,996550,3,4,0,0
833333,5,0,1,0,1,6,0,0
666666,2,0,1,0,0,3,0,0
714285,0,5,2,726721,2,7,0,0
1000000,6,0,0,0,0,6,0,0
500000,3,1,4,1620770,4,8,0,1
1000000,4,0,0,0,0,4,0,0
875000,5,2,1,385494,1,8,0,0
750000,6,0,2,0,2,8,0,0
666666,4,0,2,0,1,6,0,0
1000000,5,3,0,2070660,0,8,0,0
1000000,7,0,0,0,0,7,0,0
1000000,6,0,0,0,0,6,0,0
857142,6,0,1,0,1,7,0,0
833333,5,0,1,0,1,6,0,0
833333,3,2,1,950873,1,6,0,0
1000000,2,1,0,708133,0,3,0,0
1000000,5,0,0,0,0,5,0,0
1000000,5,0,0,0,0,5,0,0
1000000,6,1,0,1040437,0,7,0,0
1000000,7,1,0,795887,0,8,0,0
1000000,8,0,0,0,0,8,0,0
1000000,4,0,0,0,0,4,0,0
666666,2,0,1,0,1,3,0,0
800000,3,1,1,1089342,0,5,0,0
1000000,2,0,0,0,0,2,2,0
750000,1,2,1,1356125,1,4,0,1
600000,0,3,2,2286777,2,5,0,1
1000000,6,0,0,0,0,6,0,0
600000,2,1,2,723614,0,5,0,0
625000,4,1,3,790781,0,8,0,0
571428,4,0,3,0,0,7,0,0
1000000,2,0,0,0,0,2,0,0
500000,2,1,3,617139,2,6,0,1
800000,4,0,1,0,1,5,0,0
833333,4,1,1,146355,1,6,0,0
714285,2,3,2,2435421,2,7,0,1
1000000,4,0,0,0,0,4,0,0
750000,1,5,2,1827225,2,8,0,1
500000,2,0,2,0,0,4,0,0
1000000,0,0,0,0,0,0,0,0
833333,4,1,1,369710,1,6,0,0
750000,5,1,2,614854,2,8,0,0
500000,3,0,3,0,3,6,0,0
1000000,2,2,0,951406,0,4,0,0
750000,5,1,2,1445295,1,8,0,1
714285,3,2,2,1199493,1,7,0,0
1000000,4,3,0,786580,0,7,0,0
750000,3,0,1,0,1,4,0,0
1000000,3,2,0,1464924,0,5,0,0
500000,1,1,2,218348,1,4,0,1
1000000,4,1,0,743522,0,5,0,0
1000000,3,0,0,0,0,3,0,0
800000,2,2,1,836108,1,5,0,0
1000000,4,0,0,0,0,4,0,0
1000000,3,3,0,1731835,0,6,0,0
1000000,0,0,0,0,0,0,0,0
400000,2,0,3,0,2,5,0,1
750000,2,1,1,1176367,0,4,0,1
1000000,2,0,0,0,0,2,0,0
1000000,6,0,0,0,0,6,0,0
250000,1,0,3,0,0,4,0,0
833333,1,4,1,1354200,1,6,0,1
800000,4,0,1,0,1,5,0,0
1000000,8,0,0,0,0,8,0,0
1000000,3,2,0,1128072,0,5,0,0
833333,4,1,1,419496,1,6,0,0
750000,2,1,1,717130,0,4,0,0
1000000,3,0,0,0,0,3,0,0
1000000,4,0,0,0,0,4,0,1
875000,7,0,1,0,0,8,0,0
1000000,7,0,0,0,0,7,0,0
1000000,5,0,0,0,0,5,0,0
750000,4,2,2,2115508,2,8,0,0
750000,0,6,2,1137964,2,8,0,1
750000,5,1,2,347514,1,8,0,0
750000,1,2,1,1770508,0,4,0,0
750000,2,1,1,707841,0,4,0,0
1000000,3,0,0,0,0,3,0,0
500000,2,0,2,0,1,4,0,0
1000000,5,1,0,295015,0,6,0,1
1000000,5,0,0,0,0,5,0,0
800000,4,0,1,0,0,5,0,0
600000,3,0,2,0,0,5,0,0
1000000,2,0,0,0,0,2,0,0
1000000,4,0,0,0,0,4,2,0
1000000,3,0,0,0,0,3,0,0
875000,7,0,1,0,1,8,0,0
1000000,5,1,0,286352,0,6,0,0
833333,4,1,1,1577792,1,6,0,1
833333,5,0,1,0,1,6,0,0
1000000,4,0,0,0,0,4,0,0
1000000,4,2,0,1589510,0,6,3,0
1000000,3,0,0,0,0,3,0,0
428571,1,2,4,770527,4,7,0,0
1000000,6,0,0,0,0,6,0,0
500000,1,0,1,0,0,2,0,0
1000000,1,1,0,733462,0,2,0,0
1000000,0,0,0,0,0,0,3,0
600000,2,1,2,282132,0,5,0,0
833333,4,1,1,1847311,1,6,0,1
1000000,3,0,0,0,0,3,0,0
666666,2,0,1,0,0,3,0,0
1000000,5,0,0,0,0,5,0,1
666666,4,0,2,0,1,6,0,0
714285,4,1,2,243099,0,7,0,0
714285,1,4,2,1244837,2,7,0,1
1000000,4,2,0,377526,0,6,0,0
800000,4,0,1,0,0,5,0,0
833333,3,2,1,1720704,0,6,0,0
1000000,7,0,0,0,0,7,0,0
750000,3,0,1,0,0,4,0,0
1000000,4,0,0,0,0,4,0,0
875000,7,0,1,0,1,8,0,0
500000,0,3,3,1127810,3,6,0,0
1000000,5,1,0,840475,0,6,0,0
666666,2,2,2,1791543,2,6,0,1
750000,2,1,1,1516109,0,4,0,0
500000,0,3,3,759478,3,6,0,0
1000000,5,1,0,134012,0,6,0,0
875000,5,2,1,470226,1,8,0,0
333333,1,0,2,0,0,3,0,0
1000000,7,0,0,0,0,7,0,0
571428,3,1,3,431074,2,7,0,0
800000,4,0,1,0,0,5,0,0
1000000,4,2,0,660357,0,6,0,0
1000000,4,2,0,482059,0,6,0,0
833333,4,1,1,310701,1,6,0,0
571428,3,1,3,841598,3,7,0,0
500000,2,1,3,788998,3,6,0,1
1000000,7,0,0,0,0,7,0,0
875000,7,0,1,0,0,8,0,0
1000000,1,0,0,0,0,1,0,0
500000,2,1,3,226702,1,6,3,0
1000000,6,2,0,793179,0,8,0,0
1000000,7,0,0,0,0,7,0,0
1000000,1,0,0,0,0,1,0,0
625000,5,0,3,0,2,8,0,0
571428,2,2,3,1072725,3,7,0,0
1000000,3,0,0,0,0,3,0,0
857142,2,4,1,885100,1,7,3,1
571428,3,1,3,770794,2,7,3,0
1000000,6,1,0,665706,0,7,0,0
875000,7,0,1,0,1,8,0,0
857142,6,0,1,0,1,7,0,0
571428,3,1,3,1607495,2,7,0,0
1000000,5,0,0,0,0,5,0,0
1000000,4,0,0,0,0,4,0,0
400000,1,1,3,438147,2,5,0,0
1000000,6,0,0,0,0,6,0,0
600000,3,0,2,0,2,5,0,0
750000,2,1,1,655056,1,4,0,0
600000,2,1,2,1039507,0,5,0,0
333333,1,1,4,1847641,1,6,3,1
750000,3,0,1,0,0,4,0,0
1000000,6,0,0,0,0,6,0,0
1000000,0,0,0,0,0,0,0,0
1000000,3,2,0,1385498,0,5,0,0
857142,5,1,1,892826,1,7,3,0
1000000,3,0,0,0,0,3,0,0
833333,4,1,1,679311,1,6,0,0
1000000,4,1,0,797982,0,5,0,0
666666,4,0,2,0,2,6,0,0
1000000,2,0,0,0,0,2,0,0
1000000,6,1,0,831320,0,7,0,1
1000000,2,1,0,742687,0,3,0,0
1000000,6,0,0,0,0,6,0,0
625000,5,0,3,0,2,8,0,0
1000000,3,1,0,203409,0,4,0,0
1000000,8,0,0,0,0,8,0,0
714285,4,1,2,845221,2,7,0,0
1000000,3,0,0,0,0,3,0,0
750000,2,4,2,1515966,0,8,0,0
875000,7,0,1,0,1,8,0,0
1000000,2,1,0,282057,0,3,3,0
666666,2,0,1,0,0,3,1,0
857142,6,0,1,0,0,7,0,0
714285,5,0,2,0,2,7,0,0
1000000,4,0,0,0,0,4,0,0
666666,4,0,2,0,1,6,0,0
600000,0,3,2,620975,2,5,0,0
1000000,7,0,0,0,0,7,0,0
1000000,5,0,0,0,0,5,0,0
1000000,3,0,0,0,0,3,0,0
1000000,5,0,0,0,0,5,0,0
833333,3,2,1,848960,0,6,0,0
857142,6,0,1,0,1,7,0,0
500000,0,4,4,2175867,3,8,0,1
1000000,4,3,0,425443,0,7,0,0
1000000,4,0,0,0,0,4,0,0
1000000,4,0,0,0,0,4,0,0
1000000,7,0,0,0,0,7,0,0
1000000,7,0,0,0,0,7,1,0
1000000,1,2,0,838234,0,3,0,0
333333,1,1,4,1183448,2,6,0,0
666666,1,1,1,457546,0,3,0,0
1000000,2,1,0,936361,0,3,0,0
625000,3,2,3,1411245,3,8,0,0
1000000,0,0,0,0,0,0,0,0
1000000,7,0,0,0,0,7,0,0
750000,3,3,2,1380358,0,8,0,0
857142,5,1,1,837604,1,7,0,0
714285,1,4,2,2120911,0,7,0,0
750000,2,1,1,1082553,1,4,0,1
750000,3,0,1,0,1,4,0,1
714285,4,1,2,34790,0,7,0,0
600000,3,0,2,0,1,5,0,0
750000,2,4,2,1810910,0,8,0,1
571428,2,2,3,1331098,0,7,1,0
1000000,5,0,0,0,0,5,0,0
600000,2,1,2,128119,1,5,0,0
1000000,2,1,0,410595,0,3,0,0
666666,3,1,2,204267,2,6,0,0
600000,2,1,2,205677,0,5,0,0
833333,3,2,1,442250,0,6,0,0
1000000,3,0,0,0,0,3,0,0
400000,1,1,3,877286,2,5,0,1
1000000,3,0,0,0,0,3,0,0
1000000,3,0,0,0,0,3,0,0
1000000,3,1,0,1570161,0,4,0,0
1000000,5,1,0,191838,0,6,1,0
500000,1,0,1,0,0,2,0,0
875000,6,1,1,1523645,1,8,0,0
600000,3,0,2,0,0,5,0,0
1000000,5,0,0,0,0,5,2,0
1000000,2,0,0,0,0,2,0,0
833333,1,4,1,1868107,0,6,0,0
625000,3,2,3,1197930,3,8,0,0
800000,4,0,1,0,1,5,0,0
1000000,6,0,0,0,0,6,0,0
1000000,4,3,0,1701636,0,7,0,0
800000,4,0,1,0,0,5,0,0
857142,4,2,1,177537,1,7,0,0
857142,3,3,1,1841320,1,7,0,1
200000,0,1,4,506171,4,5,0,0
800000,3,1,1,729048,0,5,2,0
1000000,6,0,0,0,0,6,0,0
1000000,2,0,0,0,0,2,0,0
800000,1,3,1,1252572,0,5,3,1
1000000,3,0,0,0,0,3,0,0
833333,5,0,1,0,0,6,0,0
1000000,4,0,0,0,0,4,0,0
857142,5,1,1,514887,1,7,0,0
857142,6,0,1,0,1,7,0,0
1000000,5,0,0,0,0,5,3,0
600000,2,1,2,1550348,0,5,2,0
1000000,3,1,0,1036061,0,4,0,0
1000000,2,0,0,0,0,2,0,0
666666,2,2,2,187636,2,6,0,0
1000000,4,0,0,0,0,4,0,0
800000,3,1,1,1570656,0,5,0,0
1000000,8,0,0,0,0,8,0,0
1000000,0,2,0,1504357,0,2,0,0
833333,4,1,1,356145,0,6,0,0
666666,2,2,2,1154574,0,6,0,0
1000000,2,2,0,329224,0,4,0,0
857142,6,0,1,0,0,7,0,0
625000,2,3,3,698913,3,8,0,0
1000000,6,0,0,0,0,6,0,0
1000000,1,0,0,0,0,1,0,0
857142,6,0,1,0,1,7,0,0
666666,2,0,1,0,0,3,0,0
666666,4,0,2,0,0,6,0,0
857142,6,0,1,0,0,7,0,0
625000,4,1,3,930840,2,8,0,0
750000,3,0,1,0,1,4,0,0
750000,3,0,1,0,0,4,0,0
750000,4,2,2,1691105,2,8,0,1
1000000,0,0,0,0,0,0,0,0
1000000,4,0,0,0,0,4,0,0
500000,2,1,3,1950439,0,6,0,0
857142,6,0,1,0,1,7,0,0
1000000,2,2,0,621997,0,4,0,0
1000000,5,1,0,43360,0,6,2,0
200000,0,1,4,148955,4,5,0,0
500000,1,0,1,0,0,2,0,0
800000,2,2,1,560739,1,5,0,0
666666,2,0,1,0,0,3,0,0
1000000,6,1,0,727109,0,7,0,0
875000,5,2,1,982706,0,8,0,1
166666,0,1,5,2274268,2,6,0,1
500000,1,3,4,1633018,4,8,0,1
750000,1,2,1,1292474,1,4,0,1
1000000,4,1,0,506218,0,5,0,0
800000,4,0,1,0,0,5,0,0
1000000,4,1,0,305414,0,5,0,0
1000000,2,0,0,0,0,2,0,0
1000000,7,0,0,0,0,7,0,0
833333,4,1,1,909931,0,6,0,0
1000000,6,1,0,738811,0,7,0,0
800000,1,3,1,1948637,0,5,0,1
1000000,5,0,0,0,0,5,0,0
833333,5,0,1,0,1,6,0,0
833333,5,0,1,0,0,6,3,0
1000000,8,0,0,0,0,8,0,0
714285,2,3,2,560772,0,7,0,0
750000,1,2,1,862386,1,4,0,0
875000,4,3,1,1079687,0,8,0,0
1000000,7,0,0,0,0,7,0,0
1000000,1,0,0,0,0,1,0,0
1000000,5,3,0,1016665,0,8,0,0
714285,4,1,2,1781215,2,7,0,0
1000000,6,1,0,108621,0,7,0,0
500000,0,4,4,2685913,4,8,0,1
250000,0,2,6,1634373,5,8,0,1
1000000,4,1,0,1113313,0,5,0,0
1000000,2,0,0,0,0,2,0,0
750000,3,0,1,0,0,4,0,0
400000,2,0,3,0,3,5,0,1
857142,6,0,1,0,0,7,0,0
1000000,7,0,0,0,0,7,0,0
800000,2,2,1,1614267,0,5,0,1
1000000,3,3,0,667572,0,6,0,0
1000000,3,1,0,453116,0,4,0,0
833333,3,2,1,735589,0,6,0,0
1000000,6,2,0,875476,0,8,0,0
1000000,5,1,0,1203637,0,6,0,0
400000,0,2,3,1903400,3,5,0,0
800000,3,1,1,1801503,1,5,0,0
0,0,0,6,0,6,6,0,1
750000,3,0,1,0,0,4,0,0
625000,3,2,3,420331,2,8,0,0
571428,1,3,3,2240073,2,7,0,1
714285,2,3,2,757340,2,7,0,1
666666,1,1,1,1124369,0,3,0,0
200000,1,0,4,0,1,5,0,0
500000,1,0,1,0,0,2,0,0
714285,4,1,2,385244,1,7,0,0
666666,2,2,2,1326437,2,6,0,1
1000000,0,0,0,0,0,0,0,0
666666,1,3,2,392229,2,6,0,0
666666,2,0,1,0,0,3,0,0
833333,2,3,1,495948,0,6,0,1
1000000,3,1,0,646695,0,4,0,0
1000000,3,0,0,0,0,3,2,0
1000000,6,0,0,0,0,6,0,0
500000,1,0,1,0,0,2,0,0
750000,5,1,2,432168,1,8,0,0
500000,3,0,3,0,3,6,0,0
625000,3,2,3,797072,1,8,0,0
1000000,7,0,0,0,0,7,0,0
800000,3,1,1,833446,0,5,0,0
625000,2,3,3,1158711,3,8,0,1
666666,2,0,1,0,1,3,0,1
1000000,2,0,0,0,0,2,0,0
1000000,4,0,0,0,0,4,0,0
500000,0,3,3,1957291,0,6,0,0
1000000,4,1,0,189845,0,5,0,0
1000000,2,0,0,0,0,2,0,0
714285,4,1,2,651648,1,7,0,0
714285,2,3,2,1270971,2,7,0,1
500000,3,0,3,0,3,6,0,0
500000,2,0,2,0,0,4,0,0
875000,6,1,1,486559,0,8,0,0
1000000,4,0,0,0,0,4,0,0
1000000,3,2,0,550345,0,5,0,0
666666,2,0,1,0,0,3,0,0
1000000,5,0,0,0,0,5,0,0
0,0,0,3,0,3,3,0,0
714285,0,5,2,1239005,1,7,0,1
1000000,7,1,0,30739,0,8,0,0
714285,3,2,2,1432525,1,7,0,1
1000000,4,1,0,337106,0,5,0,1
0,0,0,2,0,2,2,0,1
625000,4,1,3,1078621,0,8,0,1
714285,5,0,2,0,2,7,0,0
1000000,3,4,0,1690302,0,7,3,0
1000000,6,0,0,0,0,6,0,0
1000000,5,1,0,651939,0,6,0,0
1000000,6,1,0,415625,0,7,0,0
857142,4,2,1,618968,0,7,0,0
666666,1,3,2,1721286,0,6,0,1
875000,6,1,1,928693,1,8,2,0
1000000,3,0,0,0,0,3,0,0
400000,0,2,3,458199,3,5,0,0
833333,3,2,1,881845,1,6,0,0
833333,5,0,1,0,1,6,0,0
571428,3,1,3,956898,3,7,0,0
1000000,0,1,0,276549,0,1,0,0
0,0,0,1,0,0,1,0,0
833333,4,1,1,853323,1,6,2,1
833333,5,0,1,0,1,6,0,0
1000000,6,2,0,1656543,0,8,0,0
500000,2,0,2,0,0,4,0,0
666666,2,0,1,0,0,3,3,1
714285,3,2,2,610950,0,7,0,0
857142,6,0,1,0,1,7,3,0
571428,2,2,3,843008,3,7,0,0
125000,0,1,7,1109129,7,8,0,0
1000000,8,0,0,0,0,8,0,0
666666,0,2,1,770460,0,3,0,1
400000,2,0,3,0,3,5,0,0
875000,4,3,1,1687341,0,8,0,0
1000000,5,0,0,0,0,5,0,0
1000000,5,1,0,692021,0,6,0,0
1000000,4,1,0,778454,0,5,0,0
666666,2,2,2,2344363,0,6,0,0
750000,5,1,2,423152,1,8,0,0
600000,2,1,2,959728,1,5,3,0
1000000,8,0,0,0,0,8,0,0
875000,7,0,1,0,1,8,0,0
666666,1,3,2,1132613,1,6,0,1
833333,5,0,1,0,0,6,0,0
571428,3,1,3,1639358,1,7,3,0
1000000,8,0,0,0,0,8,0,0
0,0,0,1,0,1,1,0,1
1000000,7,0,0,0,0,7,0,0
1000000,1,0,0,0,0,1,0,0
1000000,2,1,0,1035825,0,3,0,0
1000000,2,0,0,0,0,2,0,0
857142,6,0,1,0,0,7,0,0
1000000,7,0,0,0,0,7,0,0
800000,3,1,1,953877,1,5,0,0
857142,4,2,1,1819184,0,7,0,1
750000,1,2,1,1436497,0,4,0,0
1000000,3,2,0,1239876,0,5,1,0
833333,1,4,1,1914083,1,6,0,1
875000,6,1,1,1051997,0,8,0,0
1000000,6,0,0,0,0,6,0,0
875000,5,2,1,1535283,1,8,0,0
125000,0,1,7,778440,5,8,0,1
666666,2,0,1,0,1,3,0,0
1000000,8,0,0,0,0,8,0,0
1000000,4,0,0,0,0,4,2,0
428571,2,1,4,838934,4,7,1,0
625000,1,4,3,718318,3,8,0,1
428571,0,3,4,2023922,2,7,0,1
1000000,7,0,0,0,0,7,0,0
714285,2,3,2,1279759,1,7,0,0
250000,1,1,6,1723083,3,8,0,1
1000000,0,0,0,0,0,0,3,0
1000000,6,1,0,924683,0,7,0,0
750000,3,0,1,0,1,4,0,0
1000000,6,2,0,913245,0,8,0,1
1000000,4,0,0,0,0,4,0,0
800000,4,0,1,0,0,5,0,0
250000,1,0,3,0,2,4,2,1
750000,3,0,1,0,0,4,0,0
571428,4,0,3,0,3,7,0,0
666666,3,1,2,891285,2,6,0,0
857142,5,1,1,199864,1,7,0,0
1000000,8,0,0,0,0,8,0,0
1000000,1,0,0,0,0,1,0,0
666666,4,0,2,0,1,6,0,0
800000,4,0,1,0,0,5,0,0
400000,2,0,3,0,3,5,0,0
1000000,2,2,0,1359928,0,4,0,0
833333,5,0,1,0,0,6,0,0
500000,1,2,3,1225408,1,6,0,0
1000000,3,0,0,0,0,3,0,1
750000,2,1,1,908050,1,4,0,1
1000000,4,0,0,0,0,4,0,0
875000,6,1,1,654875,0,8,0,0
875000,6,1,1,734751,1,8,0,0
1000000,5,0,0,0,0,5,0,0
750000,3,0,1,0,1,4,0,1
1000000,5,0,0,0,0,5,0,0
1000000,6,1,0,349008,0,7,0,0
1000000,4,0,0,0,0,4,0,0
875000,6,1,1,1006337,0,8,0,0
857142,6,0,1,0,0,7,0,0
714285,3,2,2,673284,2,7,0,0
1000000,7,0,0,0,0,7,0,0
1000000,7,0,0,0,0,7,0,0
833333,5,0,1,0,0,6,1,0
666666,1,1,1,1286363,0,3,0,1
833333,2,3,1,1851106,0,6,0,1
750000,2,1,1,2243217,1,4,0,0
800000,4,0,1,0,0,5,0,0
714285,5,0,2,0,1,7,0,0
428571,2,1,4,454142,0,7,0,0
666666,3,1,2,1240043,0,6,3,0
857142,4,2,1,1050180,1,7,0,0
1000000,7,1,0,438986,0,8,0,0
750000,2,1,1,1049783,0,4,0,0
875000,6,1,1,430997,1,8,0,0
500000,1,2,3,1932250,2,6,2,1
714285,1,4,2,1087504,2,7,0,0
600000,1,2,2,1777794,0,5,0,0
800000,4,0,1,0,1,5,0,0
800000,3,1,1,974070,1,5,0,0
1000000,5,2,0,749893,0,7,1,0
1000000,3,1,0,233720,0,4,0,0
666666,2,0,1,0,1,3,0,0
1000000,6,0,0,0,0,6,0,0
666666,2,2,2,1039937,2,6,0,0
750000,6,0,2,0,2,8,0,0
750000,2,1,1,843602,0,4,0,0
1000000,8,0,0,0,0,8,0,0
750000,2,1,1,134063,1,4,0,1
500000,1,1,2,1317853,0,4,0,0
750000,3,3,2,1895507,2,8,0,0
1000000,0,0,0,0,0,0,0,0
1000000,6,0,0,0,0,6,0,0
1000000,6,1,0,416099,0,7,0,0
800000,2,2,1,1340691,0,5,0,1
833333,5,0,1,0,0,6,0,0
1000000,4,1,0,1317849,0,5,0,0
333333,0,1,2,668766,2,3,0,1
750000,5,1,2,1368344,0,8,2,1
714285,4,1,2,1129246,1,7,0,0
571428,3,1,3,710568,0,7,3,0
1000000,3,0,0,0,0,3,0,0
750000,6,0,2,0,0,8,0,1
666666,0,2,1,829719,0,3,2,1
875000,5,2,1,1288571,0,8,0,0
1000000,5,0,0,0,0,5,0,0
1000000,1,0,0,0,0,1,0,1
714285,5,0,2,0,2,7,0,0
875000,5,2,1,1857486,0,8,0,0
1000000,1,0,0,0,0,1,0,0
1000000,5,3,0,1611603,0,8,0,1
250000,0,2,6,931403,6,8,0,0
875000,4,3,1,1533793,0,8,0,0
1000000,0,0,0,0,0,0,0,0
1000000,5,0,0,0,0,5,0,0
1000000,5,0,0,0,0,5,0,0
750000,6,0,2,0,1,8,0,1
666666,1,1,1,1630878,0,3,0,0
666666,2,0,1,0,0,3,0,0
1000000,3,0,0,0,0,3,0,0
833333,4,1,1,1299291,0,6,0,0
800000,2,2,1,864933,0,5,0,0
1000000,1,0,0,0,0,1,0,0
875000,6,1,1,296076,1,8,0,0
571428,3,1,3,94191,1,7,0,0
1000000,3,0,0,0,0,3,0,0
600000,3,0,2,0,0,5,0,0
0,0,0,1,0,0,1,0,0
1000000,3,1,0,948112,0,4,0,0
571428,1,3,3,1214909,3,7,0,1
1000000,3,1,0,1276046,0,4,2,0
1000000,4,0,0,0,0,4,0,0
1000000,2,2,0,1102784,0,4,0,0
1000000,3,0,0,0,0,3,0,0
1000000,2,0,0,0,0,2,0,0
1000000,0,0,0,0,0,0,0,0
875000,6,1,1,388469,1,8,0,0
1000000,7,0,0,0,0,7,0,0
833333,4,1,1,836053,1,6,0,0
800000,2,2,1,579015,0,5,0,1
500000,2,1,3,698245,2,6,0,0
875000,6,1,1,242317,1,8,3,0
1000000,5,1,0,134818,0,6,0,0
750000,3,0,1,0,0,4,0,0
833333,5,0,1,0,1,6,0,0
1000000,5,0,0,0,0,5,0,0
625000,4,1,3,674226,3,8,0,0
500000,1,0,1,0,0,2,0,0
714285,5,0,2,0,1,7,0,1
1000000,8,0,0,0,0,8,0,0
1000000,5,0,0,0,0,5,0,0
1000000,3,0,0,0,0,3,0,0
714285,4,1,2,1265002,0,7,0,0
833333,4,1,1,788148,1,6,0,0
500000,1,1,2,781948,1,4,0,0
1000000,2,0,0,0,0,2,2,0
750000,3,0,1,0,1,4,0,0
1000000,4,0,0,0,0,4,0,0
625000,4,1,3,65014,0,8,0,0
1000000,4,0,0,0,0,4,0,0
1000000,0,0,0,0,0,0,0,0
1000000,1,0,0,0,0,1,0,0
714285,2,3,2,969482,2,7,0,1
857142,6,0,1,0,0,7,0,0
1000000,7,1,0,438634,0,8,0,0
1000000,5,0,0,0,0,5,0,0
1000000,1,0,0,0,0,1,0,0
1000000,5,1,0,185488,0,6,0,0
750000,2,1,1,859787,0,4,0,0
285714,1,1,5,662739,2,7,0,1
1000000,7,0,0,0,0,7,0,0
571428,4,0,3,0,0,7,0,0
1000000,3,1,0,241541,0,4,0,0
1000000,4,2,0,1080803,0,6,0,0
714285,1,4,2,688458,2,7,0,1
714285,4,1,2,124166,1,7,0,0
1000000,2,1,0,1118630,0,3,0,0
833333,3,2,1,781847,0,6,0,0
1000000,3,0,0,0,0,3,0,0
571428,3,1,3,1738824,3,7,0,0
1000000,2,1,0,236328,0,3,0,0
625000,4,1,3,1480072,3,8,0,0
833333,4,1,1,321577,0,6,0,0
1000000,4,0,0,0,0,4,0,0
600000,1,2,2,513174,1,5,0,0
833333,4,1,1,783569,1,6,0,0
666666,4,0,2,0,0,6,0,0
1000000,5,1,0,987033,0,6,0,0
714285,4,1,2,139721,1,7,0,0
714285,5,0,2,0,0,7,0,0
875000,3,4,1,1711897,1,8,0,0
750000,1,2,1,1282728,0,4,0,0
1000000,2,0,0,0,0,2,0,0
400000,2,0,3,0,1,5,0,0
875000,5,2,1,1566487,1,8,0,1
428571,3,0,4,0,1,7,0,0
857142,5,1,1,79035,1,7,0,0
750000,0,3,1,2112915,1,4,0,0
1000000,4,0,0,0,0,4,0,0
875000,5,2,1,1596866,1,8,0,0
666666,1,1,1,255437,1,3,0,0
750000,3,0,1,0,0,4,2,0
750000,3,0,1,0,1,4,0,0
1000000,4,0,0,0,0,4,0,0
666666,3,1,2,1317921,2,6,0,0
625000,3,2,3,891492,2,8,0,0
833333,0,5,1,652858,1,6,0,0
1000000,3,1,0,585527,0,4,0,0
1000000,4,1,0,948465,0,5,0,0
857142,4,2,1,630143,1,7,0,0
714285,4,1,2,38148,2,7,0,0
1000000,7,1,0,51578,0,8,0,0
875000,7,0,1,0,1,8,0,0
1000000,2,0,0,0,0,2,0,0
750000,1,2,1,1398414,1,4,0,0
857142,6,0,1,0,1,7,0,0
428571,0,3,4,1172161,4,7,0,0
500000,4,0,4,0,3,8,0,0
875000,7,0,1,0,1,8,0,0
500000,3,0,3,0,3,6,0,0
1000000,5,0,0,0,0,5,0,0
571428,4,0,3,0,2,7,0,0
714285,5,0,2,0,2,7,0,0
1000000,3,1,0,535928,0,4,0,0
1000000,8,0,0,0,0,8,0,0
1000000,3,3,0,854269,0,6,1,0
800000,3,1,1,1484703,1,5,1,1
857142,3,3,1,755786,1,7,0,0
1000000,6,1,0,705328,0,7,0,0
666666,2,0,1,0,0,3,0,1
714285,2,3,2,926999,2,7,0,0
500000,1,1,2,971248,2,4,2,0
1000000,3,1,0,253472,0,4,0,0
666666,4,0,2,0,2,6,0,0
857142,6,0,1,0,0,7,0,0
1000000,2,2,0,1101280,0,4,0,0
714285,5,0,2,0,1,7,0,0
1000000,5,2,0,890862,0,7,0,0
750000,2,1,1,1027542,1,4,1,0
1000000,4,0,0,0,0,4,0,0
500000,1,1,2,611491,0,4,0,0
857142,5,1,1,1006531,1,7,0,0
800000,4,0,1,0,0,5,0,0
1000000,5,1,0,331377,0,6,0,0
800000,4,0,1,0,0,5,0,0
625000,4,1,3,1529216,1,8,0,0
571428,3,1,3,376730,0,7,0,0
1000000,7,1,0,897515,0,8,0,1
800000,3,1,1,1157227,0,5,0,0
1000000,4,0,0,0,0,4,0,0
1000000,3,2,0,1884142,0,5,0,0
1000000,1,0,0,0,0,1,0,0
1000000,5,3,0,654226,0,8,0,0
1000000,0,0,0,0,0,0,0,0
0,0,0,2,0,1,2,0,0
857142,5,1,1,441341,1,7,0,0
833333,5,0,1,0,0,6,0,0
1000000,3,2,0,796071,0,5,0,0
666666,2,2,2,1470194,2,6,0,1
333333,1,0,2,0,2,3,0,0
857142,6,0,1,0,0,7,0,0
1000000,5,0,0,0,0,5,0,0
833333,4,1,1,1198999,1,6,0,0
1000000,4,0,0,0,0,4,0,0
1000000,7,0,0,0,0,7,0,0
1000000,7,0,0,0,0,7,0,0
833333,4,1,1,495630,1,6,0,0
875000,6,1,1,798357,0,8,0,0
1000000,8,0,0,0,0,8,0,0
833333,3,2,1,790632,0,6,0,1
833333,4,1,1,1192830,1,6,0,0
1000000,3,2,0,1111461,0,5,0,0
428571,1,2,4,747316,4,7,0,0
500000,1,1,2,672481,2,4,0,1
875000,7,0,1,0,1,8,0,0
875000,7,0,1,0,0,8,0,0
1000000,6,0,0,0,0,6,0,0
1000000,1,0,0,0,0,1,2,0
666666,3,1,2,921424,2,6,0,0
1000000,4,0,0,0,0,4,0,0
1000000,5,0,0,0,0,5,0,0
875000,7,0,1,0,1,8,0,0
1000000,3,0,0,0,0,3,0,0
750000,6,0,2,0,2,8,3,0
1000000,2,0,0,0,0,2,0,0
500000,3,0,3,0,1,6,0,0
1000000,6,2,0,1094003,0,8,0,0
1000000,3,0,0,0,0,3,0,0
666666,1,1,1,1157122,0,3,0,1
1000000,2,1,0,53469,0,3,0,0
500000,1,0,1,0,0,2,3,0
857142,6,0,1,0,0,7,0,0
1000000,3,2,0,712964,0,5,0,0
500000,1,0,1,0,0,2,0,0
1000000,2,2,0,469060,0,4,0,0
1000000,5,0,0,0,0,5,0,0
1000000,7,0,0,0,0,7,0,0
1000000,4,0,0,0,0,4,0,0
1000000,0,0,0,0,0,0,1,0
1000000,5,0,0,0,0,5,0,0
0,0,0,2,0,0,2,0,0
1000000,4,0,0,0,0,4,0,0
1000000,7,0,0,0,0,7,0,0
333333,1,0,2,0,0,3,0,0
750000,2,1,1,315921,1,4,0,0
600000,2,1,2,1013425,0,5,0,0
1000000,5,0,0,0,0,5,0,0
400000,0,2,3,1445761,2,5,2,1
857142,6,0,1,0,0,7,0,0
714285,3,2,2,1020565,0,7,1,0
571428,4,0,3,0,3,7,0,0
666666,2,2,2,1537959,2,6,0,0
857142,6,0,1,0,0,7,0,0
666666,4,0,2,0,0,6,0,1
1000000,2,0,0,0,0,2,0,0
750000,3,0,1,0,0,4,0,0
400000,1,1,3,1154731,2,5,0,0
600000,1,2,2,1473671,1,5,0,1
625000,5,0,3,0,1,8,3,0
1000000,2,0,0,0,0,2,0,0
625000,3,2,3,1533449,3,8,0,0
666666,3,1,2,1340331,2,6,0,0
800000,4,0,1,0,0,5,0,0
1000000,5,0,0,0,0,5,0,0
1000000,5,0,0,0,0,5,0,0
500000,4,0,4,0,3,8,0,0
333333,1,0,2,0,0,3,0,0
833333,4,1,1,422403,0,6,0,0
1000000,4,2,0,270170,0,6,1,0
500000,2,0,2,0,1,4,0,0
250000,1,0,3,0,0,4,0,0
600000,1,2,2,605236,0,5,0,1
750000,3,3,2,1310344,2,8,0,1
750000,3,0,1,0,0,4,0,0
1000000,3,0,0,0,0,3,1,0
1000000,0,0,0,0,0,0,3,0
1000000,2,1,0,780174,0,3,0,0
666666,0,4,2,965082,2,6,0,1
1000000,4,2,0,523031,0,6,0,0
1000000,3,0,0,0,0,3,2,0
1000000,4,2,0,1541026,0,6,0,0
1000000,4,1,0,1783080,0,5,0,1
1000000,7,0,0,0,0,7,0,0
857142,6,0,1,0,0,7,0,0
1000000,2,1,0,280828,0,3,0,0
1000000,5,1,0,420400,0,6,0,0
857142,3,3,1,1216135,1,7,0,0
1000000,7,0,0,0,0,7,0,0
1000000,4,1,0,1538790,0,5,0,0
666666,0,4,2,1991487,0,6,0,1
1000000,3,0,0,0,0,3,0,0
800000,3,1,1,102190,0,5,1,0
750000,4,2,2,1133130,2,8,0,0
375000,3,0,5,0,4,8,0,0
1000000,6,1,0,112846,0,7,0,0
1000000,5,0,0,0,0,5,0,0
714285,4,1,2,2091196,0,7,0,0
1000000,5,3,0,1316420,0,8,0,0
333333,1,0,2,0,2,3,0,0
750000,3,3,2,1751565,0,8,0,0
1000000,5,3,0,1811047,0,8,0,0
714285,4,1,2,1147740,1,7,0,0
857142,4,2,1,1480976,0,7,0,0
1000000,2,0,0,0,0,2,0,0
1000000,3,1,0,48418,0,4,0,0
1000000,6,0,0,0,0,6,0,0
1000000,3,0,0,0,0,3,0,0
1000000,1,0,0,0,0,1,0,0
1000000,3,0,0,0,0,3,0,0
857142,5,1,1,624449,0,7,0,0
750000,3,3,2,1193512,2,8,0,0
500000,1,0,1,0,1,2,0,0
500000,1,2,3,658012,0,6,0,0
1000000,3,1,0,669972,0,4,0,0
1000000,5,0,0,0,0,5,0,0
1000000,3,0,0,0,0,3,0,0
857142,3,3,1,1057286,1,7,1,0
800000,3,1,1,805104,1,5,0,0
1000000,3,1,0,251953,0,4,0,0
1000000,4,0,0,0,0,4,0,0
428571,0,3,4,1021284,3,7,0,0
833333,5,0,1,0,0,6,0,0
1000000,6,0,0,0,0,6,0,0
800000,4,0,1,0,0,5,0,0
571428,3,1,3,1048209,3,7,0,0
1000000,3,0,0,0,0,3,0,0
714285,1,4,2,2236295,2,7,0,1
875000,7,0,1,0,1,8,0,0
400000,1,1,3,400924,1,5,0,1
714285,5,0,2,0,1,7,0,0
1000000,3,1,0,485713,0,4,0,0
750000,5,1,2,672759,2,8,0,0
1000000,4,1,0,504308,0,5,0,0
666666,2,0,1,0,0,3,0,0
666666,2,0,1,0,0,3,0,0
857142,5,1,1,365132,0,7,0,1
800000,3,1,1,645971,1,5,0,0
1000000,6,1,0,1287620,0,7,0,0
1000000,7,1,0,1178588,0,8,0,0
600000,3,0,2,0,1,5,0,0
875000,7,0,1,0,1,8,1,0
0,0,0,1,0,0,1,0,0
1000000,4,3,0,1237318,0,7,0,0
833333,3,2,1,918560,1,6,3,0
714285,4,1,2,343521,1,7,0,0
666666,4,0,2,0,0,6,2,1
857142,6,0,1,0,0,7,0,0
625000,2,3,3,714639,1,8,0,0
1000000,3,1,0,403756,0,4,0,0
875000,4,3,1,1279833,1,8,0,1
1000000,4,1,0,1547985,0,5,0,0
875000,7,0,1,0,1,8,0,0
1000000,0,5,0,1574148,0,5,0,1
333333,2,0,4,0,3,6,0,0
571428,3,1,3,505728,1,7,0,0
0,0,0,4,0,1,4,0,1
333333,0,2,4,1586802,4,6,0,1
1000000,4,0,0,0,0,4,0,0
1000000,2,0,0,0,0,2,0,0
1000000,2,1,0,1081998,0,3,0,0
500000,2,2,4,1295286,3,8,1,1
428571,2,1,4,997307,3,7,0,0
750000,4,2,2,1302609,1,8,0,1
857142,4,2,1,362773,0,7,0,0
1000000,3,0,0,0,0,3,0,0
800000,4,0,1,0,0,5,0,0
666666,1,1,1,1228711,0,3,0,0
750000,2,1,1,1237546,0,4,0,0
1000000,7,0,0,0,0,7,0,0
1000000,8,0,0,0,0,8,0,0
1000000,2,1,0,1242823,0,3,0,0
1000000,6,0,0,0,0,6,0,0
1000000,6,2,0,885247,0,8,0,0
1000000,3,0,0,0,0,3,0,0
750000,2,1,1,1492719,0,4,0,0
750000,4,2,2,1592963,1,8,0,0
1000000,4,0,0,0,0,4,0,0
857142,6,0,1,0,1,7,0,0
1000000,1,0,0,0,0,1,0,0
333333,0,1,2,1136228,2,3,0,1
1000000,2,1,0,680035,0,3,0,0
333333,2,0,4,0,4,6,0,0
750000,2,1,1,920519,0,4,0,0
400000,1,1,3,935644,0,5,0,0
1000000,4,0,0,0,0,4,0,0
500000,0,4,4,1524291,4,8,2,1
857142,5,1,1,391720,0,7,0,0
250000,1,0,3,0,0,4,0,0
750000,3,0,1,0,0,4,0,0
1000000,2,1,0,353493,0,3,0,0
750000,5,1,2,475201,2,8,0,0
1000000,5,1,0,23835,0,6,0,0
428571,0,3,4,780422,4,7,0,1
714285,0,5,2,1934962,1,7,1,1
1000000,2,2,0,1150507,0,4,0,0
1000000,6,2,0,559587,0,8,0,0
800000,2,2,1,1725014,1,5,0,1
800000,2,2,1,1360737,0,5,0,0
1000000,2,0,0,0,0,2,1,0
285714,0,2,5,1495553,3,7,0,1
1000000,3,0,0,0,0,3,0,0
666666,2,0,1,0,1,3,0,0
625000,2,3,3,1258722,2,8,0,0
1000000,2,0,0,0,0,2,0,0
500000,0,1,1,381080,1,2,0,0
1000000,3,0,0,0,0,3,0,0
750000,2,1,1,780613,0,4,0,0
857142,6,0,1,0,0,7,0,0
714285,5,0,2,0,1,7,0,0
750000,6,0,2,0,2,8,0,0
875000,6,1,1,831407,0,8,0,0
875000,6,1,1,175724,0,8,0,0
600000,3,0,2,0,1,5,0,0
750000,5,1,2,533381,0,8,0,0
1000000,6,1,0,361903,0,7,0,0
1000000,3,1,0,1308603,0,4,0,0
833333,5,0,1,0,0,6,0,0
1000000,3,0,0,0,0,3,0,0
1000000,7,0,0,0,0,7,0,0
1000000,4,0,0,0,0,4,0,0
1000000,3,1,0,355458,0,4,0,0
857142,5,1,1,1542429,1,7,1,1
1000000,5,0,0,0,0,5,0,0
1000000,3,2,0,651142,0,5,0,0
600000,3,0,2,0,0,5,0,0
714285,3,2,2,339055,2,7,0,0
714285,5,0,2,0,1,7,0,1
857142,5,1,1,685447,0,7,2,0
714285,4,1,2,218278,2,7,1,0
800000,4,0,1,0,0,5,0,0
1000000,5,0,0,0,0,5,0,0
1000000,6,1,0,576942,0,7,0,0
375000,2,1,5,926307,5,8,0,1
500000,3,1,4,780209,4,8,0,0
857142,5,1,1,705387,0,7,0,0
1000000,6,0,0,0,0,6,0,0
200000,0,1,4,1591038,3,5,0,0
1000000,5,0,0,0,0,5,1,0
500000,2,0,2,0,0,4,0,0
875000,5,2,1,1517928,1,8,0,0
1000000,5,0,0,0,0,5,0,0
1000000,3,1,0,473390,0,4,0,0
500000,2,2,4,584579,4,8,0,0
600000,0,3,2,990243,2,5,0,0
500000,0,4,4,1206164,3,8,0,1
1000000,3,0,0,0,0,3,0,0
1000000,1,0,0,0,0,1,0,0
714285,2,3,2,1003962,0,7,0,0
857142,6,0,1,0,0,7,0,0
1000000,5,1,0,1471208,0,6,0,0
1000000,3,1,0,355199,0,4,0,0
1000000,8,0,0,0,0,8,0,0
1000000,7,1,0,235442,0,8,1,0
333333,0,2,4,580634,4,6,0,0
625000,2,3,3,1813335,2,8,0,0
625000,5,0,3,0,3,8,0,0
800000,3,1,1,549977,0,5,0,0
857142,5,1,1,1096701,1,7,0,0
1000000,6,0,0,0,0,6,0,0
750000,4,2,2,776937,2,8,0,0
833333,5,0,1,0,0,6,0,0
666666,2,0,1,0,1,3,0,0
600000,2,1,2,1728496,0,5,0,0
500000,1,0,1,0,0,2,0,0
625000,1,4,3,991224,2,8,0,0
1000000,6,0,0,0,0,6,0,0
1000000,6,0,0,0,0,6,0,0
857142,6,0,1,0,0,7,0,0
1000000,2,0,0,0,0,2,0,0
1000000,6,0,0,0,0,6,0,0
714285,5,0,2,0,1,7,0,0
666666,4,0,2,0,0,6,0,0
400000,2,0,3,0,1,5,1,1
625000,4,1,3,1733720,3,8,0,0
571428,3,1,3,462895,2,7,0,0
1000000,7,0,0,0,0,7,0,0
833333,5,0,1,0,0,6,0,0
833333,4,1,1,931701,1,6,0,0
1000000,3,0,0,0,0,3,0,0
666666,2,0,1,0,0,3,0,0
1000000,0,0,0,0,0,0,0,0
1000000,5,0,0,0,0,5,0,0
833333,5,0,1,0,0,6,0,0
1000000,2,3,0,2165182,0,5,0,0
1000000,7,1,0,431934,0,8,0,0
500000,2,2,4,1426412,1,8,0,1
500000,2,0,2,0,0,4,0,0
1000000,4,0,0,0,0,4,0,0
1000000,2,0,0,0,0,2,0,0
1000000,7,1,0,305136,0,8,0,0
666666,1,1,1,1510112,1,3,0,0
875000,5,2,1,313094,1,8,0,0
800000,3,1,1,73615,0,5,0,0
800000,3,1,1,1828007,0,5,0,0
500000,1,2,3,631666,2,6,0,0
800000,3,1,1,715788,0,5,0,0
1000000,4,1,0,404388,0,5,0,0
500000,0,2,2,1002472,2,4,0,0
666666,2,0,1,0,0,3,0,0
857142,6,0,1,0,0,7,0,0
666666,3,1,2,350490,2,6,0,0
714285,3,2,2,1954543,1,7,0,0
666666,2,0,1,0,0,3,0,0
571428,3,1,3,213945,3,7,0,0
250000,0,2,6,862542,6,8,3,1
857142,4,2,1,908435,1,7,0,0
750000,0,3,1,1714163,0,4,0,0
750000,6,0,2,0,1,8,0,0
333333,1,1,4,573695,3,6,0,1
1000000,6,0,0,0,0,6,0,0
1000000,1,1,0,213946,0,2,0,0
1000000,5,0,0,0,0,5,0,0
1000000,3,2,0,1044682,0,5,0,0
571428,2,2,3,459222,3,7,0,0
1000000,8,0,0,0,0,8,0,0
800000,3,1,1,1186212,0,5,0,0
1000000,7,0,0,0,0,7,0,0
714285,2,3,2,1643137,0,7,0,1
571428,3,1,3,806863,2,7,0,1
666666,2,0,1,0,1,3,0,0
600000,2,1,2,769462,1,5,0,0
1000000,6,1,0,867128,0,7,3,0
1000000,6,0,0,0,0,6,3,0
500000,1,1,2,858486,1,4,2,1
1000000,4,1,0,607392,0,5,0,0
1000000,2,3,0,1477267,0,5,0,1
1000000,5,0,0,0,0,5,0,0
857142,5,1,1,330744,1,7,0,0
600000,3,0,2,0,0,5,0,0
666666,2,0,1,0,0,3,0,0
1000000,0,0,0,0,0,0,0,0
600000,1,2,2,2445638,2,5,0,1
714285,5,0,2,0,0,7,0,0
750000,5,1,2,1452191,2,8,0,0
600000,3,0,2,0,0,5,0,0
833333,2,3,1,2063959,0,6,0,1
857142,5,1,1,1652108,1,7,0,0
714285,5,0,2,0,2,7,0,0
875000,7,0,1,0,1,8,3,0
1000000,1,0,0,0,0,1,0,0
857142,5,1,1,872204,0,7,0,0
714285,2,3,2,2277228,2,7,1,0
833333,3,2,1,1391398,0,6,0,0
833333,5,0,1,0,0,6,0,0
857142,3,3,1,1456318,1,7,0,1
714285,4,1,2,1469466,0,7,0,0
750000,1,2,1,1051509,1,4,0,0
500000,1,0,1,0,1,2,0,0
714285,3,2,2,1627159,1,7,0,1
1000000,4,2,0,1042145,0,6,0,0
1000000,2,2,0,745211,0,4,0,1
750000,2,1,1,784681,1,4,0,0
1000000,3,0,0,0,0,3,0,0
833333,4,1,1,751124,0,6,0,0
750000,3,0,1,0,0,4,0,0
800000,2,2,1,1314644,1,5,0,1
1000000,8,0,0,0,0,8,0,0
1000000,4,0,0,0,0,4,0,0
1000000,5,1,0,116868,0,6,0,0
714285,4,1,2,707500,0,7,0,0
750000,2,1,1,1954657,0,4,0,1
1000000,4,0,0,0,0,4,0,0
714285,5,0,2,0,0,7,0,0
833333,5,0,1,0,1,6,0,0
800000,4,0,1,0,0,5,0,0
400000,0,2,3,1624610,3,5,0,0
1000000,5,0,0,0,0,5,0,0
666666,2,0,1,0,0,3,0,0
1000000,2,1,0,638380,0,3,0,0
750000,3,0,1,0,1,4,0,0
285714,2,0,5,0,5,7,0,1
1000000,7,0,0,0,0,7,0,0
1000000,2,0,0,0,0,2,0,0
750000,2,1,1,1507301,0,4,0,1
1000000,2,0,0,0,0,2,0,0
1000000,4,0,0,0,0,4,0,0
1000000,4,0,0,0,0,4,0,0
1000000,4,2,0,771305,0,6,0,0
1000000,3,1,0,336850,0,4,0,0
750000,1,2,1,775360,0,4,0,0
600000,3,0,2,0,2,5,0,0
1000000,0,0,0,0,0,0,0,0
833333,4,1,1,115252,1,6,0,1
833333,2,3,1,1352191,0,6,0,1
1000000,1,0,0,0,0,1,0,0
833333,2,3,1,1913181,0,6,0,0
800000,2,2,1,1290190,1,5,0,0
333333,2,0,4,0,4,6,0,0
625000,2,3,3,1006479,1,8,1,1
750000,3,0,1,0,1,4,0,0
500000,1,0,1,0,1,2,0,0
428571,2,1,4,109449,4,7,0,1
714285,5,0,2,0,1,7,0,0
333333,0,1,2,498868,1,3,0,1
833333,5,0,1,0,0,6,0,0
857142,5,1,1,693750,0,7,0,0
750000,1,2,1,1060337,1,4,0,1
1000000,4,0,0,0,0,4,0,0
333333,0,1,2,1191901,1,3,2,1
1000000,3,1,0,351929,0,4,1,1
500000,0,1,1,2172762,0,2,0,0
1000000,6,0,0,0,0,6,0,0
500000,1,1,2,872318,1,4,0,0
1000000,5,0,0,0,0,5,0,0
666666,4,0,2,0,2,6,0,0
857142,3,3,1,1658600,0,7,0,0
1000000,8,0,0,0,0,8,0,0
1000000,2,0,0,0,0,2,0,0
500000,1,0,1,0,0,2,0,0
1000000,3,1,0,1519374,0,4,0,0
500000,2,0,2,0,2,4,0,0
1000000,5,0,0,0,0,5,0,0
375000,0,3,5,995279,5,8,0,0
333333,0,1,2,122467,0,3,0,0
1000000,6,0,0,0,0,6,0,0
1000000,1,0,0,0,0,1,3,0
1000000,0,0,0,0,0,0,0,0
1000000,4,1,0,358879,0,5,0,0
833333,5,0,1,0,1,6,0,0
500000,2,1,3,765583,0,6,1,0
1000000,8,0,0,0,0,8,0,0
400000,2,0,3,0,2,5,2,0
833333,5,0,1,0,1,6,0,0
166666,1,0,5,0,1,6,0,0
250000,0,1,3,310269,3,4,0,0
875000,7,0,1,0,1,8,0,0
1000000,6,2,0,664594,0,8,0,0
500000,3,1,4,796945,1,8,3,1
666666,1,1,1,214827,0,3,1,0
875000,6,1,1,431531,0,8,0,0
857142,5,1,1,217861,0,7,0,0
500000,1,3,4,1471788,2,8,0,1
1000000,4,0,0,0,0,4,0,0
1000000,3,0,0,0,0,3,0,0
1000000,5,2,0,1329642,0,7,0,0
875000,6,1,1,96596,1,8,0,0
857142,5,1,1,368129,1,7,3,1
875000,7,0,1,0,1,8,0,0
1000000,5,2,0,1284679,0,7,0,0
875000,7,0,1,0,0,8,0,0
750000,0,3,1,1796141,0,4,0,0
857142,6,0,1,0,0,7,0,0
875000,5,2,1,1225176,0,8,0,0
1000000,8,0,0,0,0,8,0,0
1000000,4,2,0,1017043,0,6,0,1
1000000,3,0,0,0,0,3,0,0
1000000,2,0,0,0,0,2,0,0
714285,1,4,2,1759722,2,7,0,1
750000,3,0,1,0,0,4,0,0
250000,1,1,6,1121316,6,8,0,0
1000000,2,1,0,703757,0,3,0,0
833333,4,1,1,815841,1,6,0,0
750000,3,0,1,0,0,4,0,0
857142,6,0,1,0,1,7,0,0
1000000,4,1,0,726908,0,5,0,0
1000000,1,1,0,1237684,0,2,0,0
1000000,1,0,0,0,0,1,0,0
750000,4,2,2,1112362,2,8,0,0
666666,2,2,2,297982,2,6,0,1
0,0,0,1,0,0,1,0,0
571428,3,1,3,1105595,2,7,0,0
1000000,7,1,0,686120,0,8,0,0
1000000,1,1,0,591728,0,2,0,0
1000000,7,0,0,0,0,7,0,0
500000,0,3,3,357738,3,6,0,0
857142,5,1,1,166538,1,7,0,0
833333,2,3,1,1702998,0,6,0,1
833333,5,0,1,0,0,6,0,0
333333,1,0,2,0,2,3,0,0
1000000,5,0,0,0,0,5,0,0
857142,5,1,1,1505667,0,7,0,0
666666,0,2,1,1554209,1,3,0,0
428571,2,1,4,839962,3,7,0,0
1000000,3,1,0,577653,0,4,0,0
857142,3,3,1,514574,0,7,0,0
500000,0,1,1,950198,0,2,0,0
666666,2,0,1,0,1,3,0,0
1000000,1,0,0,0,0,1,0,0
875000,7,0,1,0,0,8,0,0
1000000,6,2,0,248754,0,8,0,0
1000000,4,0,0,0,0,4,0,0
800000,4,0,1,0,0,5,0,0
875000,7,0,1,0,1,8,0,0
714285,5,0,2,0,1,7,0,0
800000,2,2,1,414178,1,5,0,0
750000,3,0,1,0,1,4,0,1
875000,6,1,1,709048,0,8,0,0
1000000,2,0,0,0,0,2,0,0
750000,3,3,2,794601,1,8,0,0
400000,0,2,3,1121610,2,5,0,1
1000000,4,1,0,1276757,0,5,0,0
750000,2,1,1,1345228,0,4,0,0
1000000,5,1,0,399167,0,6,0,0
666666,3,1,2,440892,2,6,0,0
1000000,6,1,0,1145075,0,7,0,0
625000,0,5,3,1488802,1,8,0,1
1000000,3,1,0,556868,0,4,0,0
875000,6,1,1,712360,1,8,0,0
1000000,8,0,0,0,0,8,0,0
571428,4,0,3,0,3,7,0,0
875000,6,1,1,96274,0,8,0,0
500000,1,0,1,0,0,2,0,1
1000000,5,1,0,1044943,0,6,0,0
833333,3,2,1,1211086,1,6,0,1
800000,4,0,1,0,0,5,0,0
142857,0,1,6,996920,4,7,0,1
1000000,7,0,0,0,0,7,0,0
875000,7,0,1,0,1,8,0,0
250000,0,1,3,88839,2,4,0,1
875000,5,2,1,814808,0,8,0,0
833333,5,0,1,0,1,6,0,0
750000,5,1,2,52578,2,8,0,0
1000000,4,1,0,25767,0,5,0,0
600000,0,3,2,1516693,2,5,0,1
800000,2,2,1,1033872,1,5,0,1
333333,1,1,4,673623,4,6,0,0
750000,3,3,2,1840310,0,8,0,0
285714,0,2,5,883484,5,7,0,0
500000,1,1,2,1788553,0,4,0,1
428571,2,1,4,743686,4,7,0,0
833333,5,0,1,0,0,6,0,0
1000000,1,0,0,0,0,1,0,0
1000000,4,1,0,989853,0,5,0,0
750000,3,0,1,0,1,4,0,0
1000000,2,1,0,396694,0,3,0,0
857142,4,2,1,872001,1,7,0,0
1000000,5,0,0,0,0,5,0,0
800000,4,0,1,0,1,5,0,0
1000000,2,1,0,687006,0,3,0,0
1000000,3,1,0,810499,0,4,0,0
714285,5,0,2,0,2,7,3,0
750000,4,2,2,635288,1,8,0,0
800000,3,1,1,1307355,1,5,0,0
500000,2,0,2,0,1,4,0,0
1000000,1,0,0,0,0,1,0,0
875000,6,1,1,787300,0,8,0,0
600000,3,0,2,0,0,5,0,0
1000000,3,1,0,815482,0,4,0,0
714285,4,1,2,1110172,0,7,0,0
1000000,4,2,0,554684,0,6,0,0
1000000,5,1,0,977611,0,6,0,0
1000000,2,1,0,193145,0,3,0,0
1000000,4,1,0,298482,0,5,0,0
1000000,3,0,0,0,0,3,0,0
714285,3,2,2,1543530,2,7,0,0
600000,2,1,2,1164190,0,5,0,0
600000,1,2,2,354181,0,5,0,0
1000000,8,0,0,0,0,8,0,0
800000,4,0,1,0,0,5,0,0
666666,4,0,2,0,0,6,3,0
714285,5,0,2,0,0,7,0,0
1000000,0,1,0,1227951,0,1,0,0
714285,5,0,2,0,2,7,0,0
1000000,3,1,0,435979,0,4,0,0
500000,2,1,3,727497,0,6,0,0
1000000,6,0,0,0,0,6,0,0
1000000,5,0,0,0,0,5,0,0
1000000,4,3,0,1084803,0,7,0,0
500000,1,2,3,1934594,0,6,0,0
500000,1,0,1,0,0,2,0,0
750000,0,6,2,1947574,2,8,0,1
1000000,0,1,0,1183440,0,1,0,1
666666,1,3,2,1914664,1,6,0,1
1000000,2,1,0,621242,0,3,0,0
714285,3,2,2,834061,1,7,0,0
1000000,4,1,0,770371,0,5,0,0
500000,1,2,3,2075384,1,6,0,1
1000000,4,1,0,63700,0,5,0,0
750000,3,0,1,0,0,4,0,0
857142,3,3,1,2238819,0,7,0,0
833333,5,0,1,0,1,6,0,0
1000000,2,1,0,1491990,0,3,0,0
571428,2,2,3,1441022,0,7,0,0
800000,4,0,1,0,0,5,0,0
1000000,5,0,0,0,0,5,0,0
875000,6,1,1,80348,1,8,0,0
500000,2,1,3,1772622,0,6,0,0
1000000,7,1,0,385198,0,8,0,0
333333,1,0,2,0,2,3,0,0
1000000,6,0,0,0,0,6,0,0
1000000,4,1,0,190937,0,5,0,0
666666,1,3,2,1472363,1,6,0,1
625000,3,2,3,1525972,0,8,0,0
1000000,1,3,0,1649244,0,4,0,1
1000000,1,0,0,0,0,1,1,0
875000,7,0,1,0,1,8,0,0
666666,4,0,2,0,0,6,0,0
600000,2,1,2,133509,0,5,0,0
1000000,8,0,0,0,0,8,1,0
1000000,4,0,0,0,0,4,0,0
833333,5,0,1,0,1,6,0,0
1000000,2,0,0,0,0,2,0,0
500000,0,2,2,1348530,2,4,0,1
875000,6,1,1,359992,0,8,0,0
250000,1,0,3,0,3,4,0,0
714285,4,1,2,175003,2,7,0,0
600000,1,2,2,871603,2,5,0,0
1000000,6,2,0,924486,0,8,0,0
1000000,6,1,0,869136,0,7,0,0
1000000,1,0,0,0,0,1,3,0
1000000,6,2,0,895236,0,8,0,0
1000000,6,0,0,0,0,6,0,0
666666,2,2,2,583539,2,6,0,1
1000000,4,2,0,444198,0,6,0,0
1000000,5,1,0,957472,0,6,0,0
857142,4,2,1,1932320,0,7,0,0
625000,3,2,3,1183616,3,8,1,0
1000000,5,2,0,779498,0,7,0,0
500000,0,3,3,2381549,2,6,0,1
800000,4,0,1,0,1,5,0,0
1000000,4,1,0,550469,0,5,0,0
500000,3,0,3,0,0,6,0,0
1000000,4,1,0,13418,0,5,0,0
333333,0,2,4,1455698,4,6,0,0
1000000,4,0,0,0,0,4,0,0
1000000,2,0,0,0,0,2,0,0
285714,1,1,5,1618098,2,7,0,0
833333,5,0,1,0,0,6,0,0
1000000,6,0,0,0,0,6,0,0
714285,5,0,2,0,2,7,0,0
833333,1,4,1,978648,0,6,0,0
1000000,6,2,0,1081689,0,8,0,0
875000,6,1,1,577653,1,8,0,0
833333,5,0,1,0,0,6,2,0
625000,5,0,3,0,1,8,0,0
857142,5,1,1,1776716,0,7,0,0
1000000,5,0,0,0,0,5,0,0
833333,4,1,1,1208499,1,6,0,0
857142,4,2,1,1401387,1,7,0,0
600000,2,1,2,1282534,0,5,0,0
857142,5,1,1,1084458,1,7,0,0
857142,6,0,1,0,0,7,0,0
1000000,6,0,0,0,0,6,0,0
666666,2,2,2,1737823,1,6,0,1
857142,5,1,1,205009,0,7,0,0
857142,6,0,1,0,1,7,0,0
800000,2,2,1,1389531,0,5,0,0
875000,4,3,1,1706892,1,8,0,0
1000000,3,2,0,1419075,0,5,0,1
714285,5,0,2,0,1,7,3,0
800000,3,1,1,904360,0,5,0,0
1000000,3,1,0,788446,0,4,0,0
1000000,1,0,0,0,0,1,0,0
1000000,6,1,0,320231,0,7,0,0
1000000,6,0,0,0,0,6,0,0
600000,1,2,2,1739253,0,5,0,0
1000000,3,0,0,0,0,3,0,0
250000,2,0,6,0,4,8,0,1
500000,1,1,2,841304,2,4,0,0
875000,6,1,1,177766,0,8,0,0
1000000,7,1,0,251347,0,8,0,0
142857,1,0,6,0,1,7,2,1
857142,5,1,1,247836,0,7,0,0
666666,1,3,2,1766501,2,6,0,1
1000000,2,1,0,1737674,0,3,0,0
875000,6,1,1,226078,0,8,0,0
750000,3,0,1,0,0,4,0,0
875000,7,0,1,0,0,8,0,0
800000,3,1,1,800854,1,5,0,0
875000,5,2,1,1360777,0,8,0,0
0,0,0,1,0,0,1,0,0
833333,3,2,1,1797141,0,6,0,0
857142,5,1,1,858572,1,7,0,0
600000,1,2,2,1547074,0,5,0,0
571428,3,1,3,1445650,2,7,0,1
1000000,7,1,0,323501,0,8,0,0
142857,1,0,6,0,5,7,0,0
1000000,2,0,0,0,0,2,0,0
857142,6,0,1,0,1,7,0,0
600000,3,0,2,0,0,5,0,0
750000,6,0,2,0,1,8,0,0
750000,3,0,1,0,1,4,1,0
428571,3,0,4,0,0,7,0,0
1000000,4,0,0,0,0,4,0,0
833333,4,1,1,545447,1,6,0,1
1000000,4,0,0,0,0,4,0,0
1000000,7,0,0,0,0,7,0,0
857142,6,0,1,0,0,7,0,0
666666,2,0,1,0,1,3,0,0
1000000,0,3,0,935603,0,3,2,0
666666,1,1,1,278100,1,3,0,0
875000,5,2,1,845756,1,8,0,0
750000,2,1,1,322101,1,4,0,0
875000,7,0,1,0,1,8,0,0
750000,5,1,2,465500,1,8,0,1
0,0,0,1,0,0,1,0,0
500000,2,0,2,0,0,4,2,0
750000,5,1,2,269083,1,8,0,0
500000,1,0,1,0,0,2,0,0
375000,3,0,5,0,5,8,0,1
428571,1,2,4,1503049,1,7,0,0
875000,6,1,1,889586,1,8,0,0
500000,2,1,3,510567,2,6,0,0
500000,3,0,3,0,3,6,0,1
1000000,6,0,0,0,0,6,0,0
800000,3,1,1,133249,0,5,0,0
750000,3,3,2,649280,0,8,1,0
1000000,8,0,0,0,0,8,0,0
1000000,2,0,0,0,0,2,0,0
1000000,4,0,0,0,0,4,0,0
600000,2,1,2,367048,1,5,0,1
1000000,6,0,0,0,0,6,0,0
571428,3,1,3,1049962,2,7,0,0
375000,1,2,5,576062,3,8,0,0
833333,4,1,1,603498,1,6,0,0
600000,2,1,2,243975,0,5,0,0
333333,0,2,4,728373,4,6,0,1
750000,2,1,1,925848,0,4,0,0
625000,1,4,3,571548,3,8,0,0
875000,7,0,1,0,0,8,0,0
600000,1,2,2,478957,2,5,0,0
1000000,1,0,0,0,0,1,3,0
1000000,5,3,0,1101830,0,8,0,0
1000000,3,1,0,108908,0,4,0,0
625000,3,2,3,1641838,2,8,0,1
750000,4,2,2,554895,2,8,0,0
750000,2,1,1,1456571,0,4,0,0
1000000,5,0,0,0,0,5,0,0
1000000,3,3,0,948822,0,6,0,0
500000,0,2,2,1539190,1,4,0,1
875000,7,0,1,0,0,8,0,0
1000000,5,2,0,1089709,0,7,0,0
800000,2,2,1,743273,0,5,0,0
833333,5,0,1,0,1,6,0,0
1000000,5,1,0,143985,0,6,0,0
625000,4,1,3,498538,2,8,0,0
1000000,7,1,0,637933,0,8,0,0
750000,2,1,1,272282,1,4,0,0
833333,3,2,1,291655,1,6,0,0
500000,4,0,4,0,2,8,0,0
857142,5,1,1,412765,1,7,0,0
875000,5,2,1,332540,0,8,0,0
1000000,5,3,0,1115004,0,8,1,0
500000,1,0,1,0,0,2,0,0
1000000,7,1,0,892276,0,8,0,0
571428,0,4,3,677412,3,7,0,0
857142,4,2,1,1678257,1,7,3,0
750000,4,2,2,237916,0,8,0,0
750000,2,1,1,1070913,1,4,2,1
833333,3,2,1,1899946,1,6,0,1
1000000,5,0,0,0,0,5,0,0
800000,3,1,1,428859,1,5,0,1
1000000,5,1,0,869908,0,6,0,0
1000000,2,0,0,0,0,2,0,0
666666,2,0,1,0,1,3,1,0
250000,0,1,3,1687764,0,4,0,0
750000,3,3,2,1786362,2,8,0,1
666666,1,1,1,473540,1,3,0,0
1000000,3,4,0,2039160,0,7,0,1
1000000,6,0,0,0,0,6,0,0
1000000,2,0,0,0,0,2,0,0
0,0,0,1,0,0,1,0,0
1000000,5,2,0,435499,0,7,0,1
1000000,4,1,0,410569,0,5,0,0
1000000,2,0,0,0,0,2,0,0
1000000,5,0,0,0,0,5,0,0
400000,1,1,3,717964,1,5,0,1
1000000,5,0,0,0,0,5,0,0
1000000,3,2,0,1597824,0,5,0,0
833333,4,1,1,184860,1,6,0,0
1000000,1,2,0,1900384,0,3,0,0
800000,3,1,1,763801,0,5,0,0
1000000,6,1,0,146301,0,7,0,0
1000000,0,0,0,0,0,0,0,0
500000,0,4,4,1483402,4,8,0,1
1000000,4,0,0,0,0,4,0,0
1000000,4,0,0,0,0,4,0,0
1000000,1,0,0,0,0,1,0,0
833333,5,0,1,0,1,6,0,0
1000000,6,2,0,1351412,0,8,0,0
857142,4,2,1,2116378,0,7,0,0
333333,1,0,2,0,2,3,0,0
800000,3,1,1,585876,0,5,0,0
625000,5,0,3,0,1,8,0,0
1000000,2,3,0,1753358,0,5,0,1
875000,5,2,1,1150356,1,8,0,0
1000000,6,0,0,0,0,6,0,0
1000000,4,4,0,1149662,0,8,0,0
833333,5,0,1,0,0,6,2,0
500000,3,1,4,1010693,1,8,3,1
625000,3,2,3,1710951,3,8,0,1
1000000,5,0,0,0,0,5,0,0
666666,1,3,2,1736607,0,6,0,1
750000,5,1,2,20629,2,8,0,0
1000000,2,0,0,0,0,2,0,0
833333,4,1,1,1169526,0,6,0,1
1000000,6,0,0,0,0,6,0,0
1000000,8,0,0,0,0,8,0,0
333333,1,1,4,2113142,4,6,0,0
571428,3,1,3,940692,0,7,0,0
833333,3,2,1,905066,0,6,0,0
625000,4,1,3,1630874,2,8,0,0
750000,2,1,1,346687,1,4,0,1
1000000,6,2,0,1164306,0,8,0,0
750000,3,0,1,0,0,4,0,0
428571,2,1,4,809583,3,7,0,0
1000000,8,0,0,0,0,8,0,0
1000000,6,0,0,0,0,6,0,0
750000,3,0,1,0,0,4,0,0
1000000,6,1,0,190667,0,7,0,0
750000,3,3,2,584511,2,8,0,0
800000,3,1,1,1081105,0,5,0,0
1000000,2,1,0,1056076,0,3,0,0
666666,1,1,1,1320265,0,3,0,1
500000,2,2,4,1926282,2,8,0,1
1000000,7,0,0,0,0,7,0,0
500000,4,0,4,0,1,8,0,0
714285,5,0,2,0,2,7,0,0
857142,6,0,1,0,1,7,0,0
750000,6,0,2,0,2,8,0,0
571428,2,2,3,1338651,3,7,0,0
857142,4,2,1,1232146,0,7,0,1
1000000,2,0,0,0,0,2,0,0
1000000,5,1,0,344011,0,6,0,0
833333,5,0,1,0,0,6,0,0
1000000,7,0,0,0,0,7,0,0
600000,0,3,2,508351,2,5,0,0
1000000,4,0,0,0,0,4,0,0
666666,2,2,2,1399913,0,6,0,0
1000000,6,1,0,530894,0,7,0,0
875000,4,3,1,767267,1,8,0,0
857142,6,0,1,0,1,7,0,0
600000,3,0,2,0,0,5,0,0
571428,2,2,3,1421109,2,7,0,1
1000000,6,0,0,0,0,6,0,0
625000,2,3,3,1284595,3,8,0,0
1000000,6,1,0,697002,0,7,0,0
1000000,5,0,0,0,0,5,0,0
857142,3,3,1,1369811,1,7,0,0
1000000,2,0,0,0,0,2,2,0
666666,3,1,2,192996,2,6,0,0
666666,3,1,2,1875365,0,6,0,1
666666,2,0,1,0,1,3,0,0
800000,4,0,1,0,0,5,0,0
750000,2,1,1,150971,0,4,0,0
833333,5,0,1,0,0,6,0,0
666666,1,3,2,2076519,1,6,0,0
800000,3,1,1,872225,1,5,0,0
1000000,7,0,0,0,0,7,0,0
666666,4,0,2,0,1,6,0,0
1000000,3,0,0,0,0,3,0,0
1000000,3,0,0,0,0,3,0,0
1000000,0,0,0,0,0,0,0,0
1000000,4,0,0,0,0,4,0,0
750000,5,1,2,1502898,0,8,0,0
1000000,7,1,0,298052,0,8,0,0
800000,2,2,1,891777,1,5,0,1
714285,2,3,2,790851,1,7,0,0
666666,4,0,2,0,0,6,2,0
666666,0,4,2,1445054,2,6,0,1
666666,3,1,2,694353,2,6,0,0
285714,0,2,5,1680385,5,7,0,1
1000000,2,1,0,1438972,0,3,0,0
600000,1,2,2,660194,1,5,0,1
666666,3,1,2,1163032,2,6,0,0
500000,2,0,2,0,0,4,2,0
750000,4,2,2,304812,0,8,0,0
1000000,2,1,0,921135,0,3,1,0
750000,3,0,1,0,1,4,0,0
875000,7,0,1,0,1,8,0,0
750000,5,1,2,1420763,0,8,0,0
833333,4,1,1,708770,0,6,0,0
857142,6,0,1,0,1,7,0,0
1000000,0,0,0,0,0,0,3,0
666666,2,0,1,0,0,3,0,0
750000,4,2,2,154102,2,8,0,0
750000,5,1,2,708426,2,8,0,0
875000,7,0,1,0,0,8,0,0
500000,0,3,3,585190,3,6,0,0
1000000,6,2,0,1227574,0,8,0,0
750000,5,1,2,556327,1,8,2,0
1000000,0,0,0,0,0,0,0,0
1000000,2,1,0,185337,0,3,0,0
428571,2,1,4,643443,0,7,0,0
1000000,3,0,0,0,0,3,0,0
666666,2,0,1,0,0,3,0,0
1000000,3,0,0,0,0,3,0,0
1000000,4,0,0,0,0,4,0,0
800000,3,1,1,970224,0,5,0,0
400000,1,1,3,1159617,3,5,0,1
1000000,4,2,0,995566,0,6,3,0
0,0,0,1,0,1,1,0,0
800000,3,1,1,1319079,1,5,0,0
400000,2,0,3,0,0,5,0,0
1000000,2,1,0,944571,0,3,0,0
500000,1,1,2,782186,2,4,2,1
1000000,8,0,0,0,0,8,0,0
875000,6,1,1,744821,0,8,0,0
800000,0,4,1,1056651,1,5,0,0
400000,1,1,3,793679,3,5,0,0
800000,3,1,1,213446,0,5,0,0
800000,4,0,1,0,0,5,0,0
1000000,3,1,0,742306,0,4,0,0
250000,0,2,6,1064598,5,8,0,1
857142,3,3,1,1937611,0,7,0,0
1000000,7,0,0,0,0,7,0,0
1000000,4,0,0,0,0,4,0,0
1000000,6,1,0,101993,0,7,0,0
500000,1,0,1,0,0,2,0,0
500000,2,0,2,0,0,4,0,0
750000,3,3,2,1686665,2,8,0,0
1000000,2,0,0,0,0,2,0,0
1000000,2,2,0,679615,0,4,0,0
400000,1,1,3,517323,2,5,0,0
1000000,7,0,0,0,0,7,0,0
1000000,3,0,0,0,0,3,0,0
875000,0,7,1,1193341,1,8,0,1
600000,2,1,2,28120,2,5,0,0
1000000,8,0,0,0,0,8,0,0
250000,2,0,6,0,2,8,0,0
1000000,4,0,0,0,0,4,0,0
1000000,3,2,0,454890,0,5,0,0
1000000,5,0,0,0,0,5,0,0
750000,1,2,1,1942393,0,4,1,0
285714,0,2,5,1361345,4,7,0,1
800000,3,1,1,588971,0,5,0,0
833333,5,0,1,0,1,6,0,0
1000000,0,0,0,0,0,0,0,0
600000,3,0,2,0,1,5,0,0
1000000,5,0,0,0,0,5,0,0
1000000,5,0,0,0,0,5,0,0
1000000,2,0,0,0,0,2,0,0
833333,3,2,1,1431844,0,6,0,0
1000000,5,0,0,0,0,5,0,0
1000000,6,0,0,0,0,6,0,0
666666,3,1,2,1739096,1,6,0,1
750000,1,2,1,318462,1,4,0,0
1000000,4,2,0,726767,0,6,0,0
714285,5,0,2,0,2,7,0,0
666666,1,1,1,1542135,1,3,0,0
1000000,2,0,0,0,0,2,0,0
1000000,4,1,0,131682,0,5,0,0
1000000,2,0,0,0,0,2,0,0
1000000,2,2,0,1079981,0,4,1,0
833333,3,2,1,1362198,0,6,0,0
1000000,0,0,0,0,0,0,0,0
500000,0,1,1,834148,0,2,0,1
800000,3,1,1,60474,0,5,0,0
666666,2,2,2,1420691,2,6,0,0
500000,0,2,2,805810,2,4,0,0
875000,4,3,1,1937172,0,8,0,1
1000000,6,1,0,59722,0,7,0,0
250000,1,0,3,0,1,4,0,0
571428,0,4,3,1723482,2,7,0,1
625000,4,1,3,296930,3,8,0,1
1000000,3,1,0,852931,0,4,0,0
1000000,7,1,0,234323,0,8,0,0
428571,1,2,4,809649,4,7,0,1
625000,3,2,3,2044714,3,8,0,0
833333,4,1,1,996336,1,6,0,0
833333,4,1,1,317909,0,6,2,0
500000,2,0,2,0,2,4,0,0
750000,1,5,2,1100862,2,8,0,0
875000,6,1,1,1124223,1,8,0,0
1000000,5,1,0,772330,0,6,0,0
1000000,3,1,0,369305,0,4,0,0
1000000,3,2,0,979331,0,5,0,0
1000000,3,0,0,0,0,3,0,0
250000,0,2,6,1838183,5,8,0,1
1000000,5,0,0,0,0,5,0,0
714285,5,0,2,0,2,7,0,0
1000000,6,1,0,1041441,0,7,0,0
500000,2,0,2,0,0,4,0,0
1000000,4,0,0,0,0,4,0,0
1000000,1,1,0,898363,0,2,0,0
1000000,5,0,0,0,0,5,0,0
1000000,7,0,0,0,0,7,0,0
714285,3,2,2,1267169,2,7,0,1
750000,5,1,2,1412898,0,8,0,0
1000000,5,0,0,0,0,5,0,0
600000,3,0,2,0,0,5,0,1
1000000,4,0,0,0,0,4,0,0
600000,0,3,2,673336,2,5,0,0
571428,4,0,3,0,1,7,0,0
750000,3,3,2,850054,1,8,0,1
0,0,0,1,0,1,1,0,0
1000000,2,1,0,1283004,0,3,0,0
875000,4,3,1,251117,0,8,0,0
750000,3,0,1,0,0,4,0,0
333333,0,2,4,1319874,4,6,0,1
1000000,6,0,0,0,0,6,0,0
1000000,5,1,0,713408,0,6,0,0
750000,6,0,2,0,0,8,0,0
1000000,2,1,0,947736,0,3,0,0
800000,2,2,1,738810,0,5,0,0
500000,2,1,3,1307700,3,6,0,0
1000000,4,0,0,0,0,4,0,0
1000000,7,0,0,0,0,7,0,0
750000,6,0,2,0,1,8,0,0
600000,3,0,2,0,0,5,3,0
500000,0,2,2,1313740,2,4,0,1
1000000,2,0,0,0,0,2,0,0
1000000,6,1,0,990218,0,7,0,0
333333,1,1,4,331835,3,6,0,0
1000000,3,0,0,0,0,3,0,0
125000,0,1,7,1859661,5,8,0,1
1000000,2,0,0,0,0,2,0,0
625000,5,0,3,0,1,8,0,0
750000,5,1,2,135781,1,8,3,0
833333,5,0,1,0,1,6,0,1
1000000,8,0,0,0,0,8,0,0
714285,5,0,2,0,0,7,0,0
1000000,3,1,0,1081572,0,4,0,0
1000000,3,0,0,0,0,3,0,0
500000,3,1,4,405738,4,8,0,0
500000,1,2,3,1024776,3,6,0,0
1000000,2,1,0,1264175,0,3,0,0
1000000,3,2,0,1018954,0,5,0,1
1000000,1,0,0,0,0,1,0,0
857142,6,0,1,0,1,7,0,0
666666,1,3,2,1154234,2,6,0,0
875000,7,0,1,0,1,8,0,0
1000000,1,3,0,588857,0,4,3,1
400000,0,2,3,1493171,3,5,0,1
857142,6,0,1,0,0,7,0,0
875000,5,2,1,1053769,0,8,0,0
600000,3,0,2,0,2,5,0,0
800000,3,1,1,482032,0,5,0,0
571428,2,2,3,2351824,2,7,0,0
500000,1,2,3,851454,2,6,0,1
833333,4,1,1,656295,1,6,0,0
1000000,6,0,0,0,0,6,0,0
750000,3,3,2,1556809,1,8,0,0
500000,2,1,3,1049331,2,6,0,0
833333,5,0,1,0,1,6,0,0
875000,4,3,1,1634131,1,8,3,0
833333,3,2,1,1480133,1,6,0,0
1000000,3,0,0,0,0,3,0,0
1000000,4,0,0,0,0,4,0,0
750000,6,0,2,0,1,8,0,0
1000000,1,0,0,0,0,1,0,0
500000,0,1,1,1342655,0,2,0,0
400000,2,0,3,0,3,5,0,0
571428,4,0,3,0,1,7,0,0
250000,0,2,6,1424684,4,8,0,1
1000000,5,2,0,967404,0,7,0,0
1000000,3,1,0,738927,0,4,0,1
500000,2,0,2,0,0,4,0,0
1000000,5,0,0,0,0,5,0,0
666666,3,1,2,1883217,0,6,0,0
1000000,1,2,0,417248,0,3,0,0
1000000,4,1,0,159824,0,5,0,0
1000000,6,2,0,1863196,0,8,0,0
1000000,7,0,0,0,0,7,0,0
857142,3,3,1,1865300,0,7,0,0
600000,3,0,2,0,2,5,0,0
857142,6,0,1,0,1,7,0,0
666666,2,0,1,0,0,3,0,0
875000,6,1,1,1004046,1,8,0,0
250000,0,1,3,1762927,3,4,0,1
666666,4,0,2,0,2,6,0,0
500000,0,2,2,1988478,0,4,0,1
750000,2,4,2,171381,2,8,0,0
714285,4,1,2,240121,1,7,0,0
500000,2,2,4,1568077,3,8,3,1
571428,4,0,3,0,2,7,0,0
800000,4,0,1,0,1,5,0,0
750000,2,1,1,1474147,0,4,0,0
200000,0,1,4,986538,4,5,0,0
714285,2,3,2,1807327,1,7,0,1
1000000,5,0,0,0,0,5,0,0
750000,2,1,1,133767,0,4,0,1
857142,4,2,1,156679,0,7,0,0
600000,1,2,2,691702,0,5,0,0
750000,5,1,2,495488,0,8,1,0
833333,4,1,1,1241931,1,6,3,0
750000,2,1,1,783256,0,4,0,0
750000,2,1,1,845190,1,4,0,1
1000000,7,0,0,0,0,7,0,0
857142,2,4,1,1069006,1,7,0,1
750000,5,1,2,852229,2,8,0,0
571428,1,3,3,1138899,3,7,0,1
1000000,7,0,0,0,0,7,0,0
1000000,2,1,0,1335434,0,3,0,0
333333,0,1,2,1817219,1,3,0,1
625000,5,0,3,0,3,8,0,0
1000000,4,0,0,0,0,4,0,0
625000,4,1,3,256492,0,8,0,0
1000000,4,0,0,0,0,4,0,0
714285,5,0,2,0,1,7,0,0
750000,2,4,2,2220039,1,8,0,1
1000000,5,0,0,0,0,5,0,0
875000,4,3,1,345837,0,8,0,1
500000,2,1,3,1255936,2,6,0,1
1000000,3,0,0,0,0,3,0,0
750000,2,1,1,105346,0,4,0,0
666666,2,0,1,0,0,3,0,0
750000,3,0,1,0,1,4,0,0
1000000,3,1,0,1399278,0,4,0,0
750000,3,3,2,674078,1,8,0,0
625000,3,2,3,1519606,3,8,0,0
750000,4,2,2,784488,2,8,3,0
333333,1,0,2,0,0,3,0,0
1000000,3,1,0,63791,0,4,0,0
625000,2,3,3,1251989,3,8,0,0
1000000,7,0,0,0,0,7,0,0
875000,5,2,1,1517907,0,8,0,0
833333,5,0,1,0,0,6,0,0
875000,7,0,1,0,1,8,0,0
750000,2,1,1,1094290,0,4,0,0
1000000,2,1,0,1276708,0,3,0,0
1000000,5,0,0,0,0,5,0,0
875000,6,1,1,1185306,0,8,0,0
1000000,3,0,0,0,0,3,0,0
714285,3,2,2,1219978,0,7,0,0
500000,0,1,1,1325075,1,2,0,1
250000,0,1,3,1118193,0,4,1,0
600000,1,2,2,943856,1,5,0,0
750000,5,1,2,537123,1,8,0,0
0,0,0,1,0,0,1,0,0
666666,2,0,1,0,0,3,3,0
250000,0,2,6,1048300,6,8,0,1
1000000,2,1,0,349126,0,3,0,0
571428,0,4,3,1737440,3,7,0,1
833333,3,2,1,500525,0,6,0,0
333333,2,0,4,0,1,6,0,0
714285,4,1,2,125185,1,7,0,0
714285,4,1,2,597646,2,7,0,0
1000000,4,1,0,362475,0,5,0,0
875000,7,0,1,0,1,8,0,0
857142,3,3,1,2300620,1,7,0,1
1000000,3,0,0,0,0,3,0,0
833333,2,3,1,950212,1,6,0,0
1000000,5,1,0,690429,0,6,0,0
666666,2,2,2,1134655,2,6,0,0
750000,6,0,2,0,0,8,0,0
875000,5,2,1,785584,0,8,0,0
428571,1,2,4,1467871,0,7,0,0
1000000,4,0,0,0,0,4,0,0
714285,5,0,2,0,2,7,0,0
1000000,6,0,0,0,0,6,3,0
333333,1,1,4,405545,0,6,0,0
1000000,2,1,0,646298,0,3,2,0
1000000,3,0,0,0,0,3,0,0
714285,4,1,2,35790,2,7,0,1
571428,3,1,3,223559,3,7,0,0
833333,4,1,1,472731,1,6,0,1
1000000,4,2,0,516927,0,6,0,0
1000000,2,0,0,0,0,2,0,0
833333,4,1,1,1598673,1,6,2,1
0,0,0,1,0,0,1,0,0
875000,6,1,1,1397986,0,8,0,0
800000,4,0,1,0,0,5,2,1
1000000,1,0,0,0,0,1,0,0
625000,0,5,3,1159361,3,8,0,1
714285,3,2,2,899403,2,7,2,1
1000000,8,0,0,0,0,8,0,0
1000000,6,0,0,0,0,6,0,0
1000000,7,1,0,30410,0,8,0,0
1000000,5,3,0,567686,0,8,0,0
500000,2,1,3,1419878,1,6,1,1
1000000,7,0,0,0,0,7,0,0
625000,1,4,3,1629950,3,8,0,1
1000000,2,2,0,2120559,0,4,0,0
1000000,5,0,0,0,0,5,0,0
1000000,1,0,0,0,0,1,1,0
666666,2,0,1,0,1,3,0,0
833333,5,0,1,0,1,6,0,0
750000,4,2,2,346698,1,8,0,0
857142,5,1,1,880681,1,7,0,0
857142,5,1,1,615637,1,7,0,0
333333,0,2,4,2028073,3,6,0,1
1000000,3,1,0,1183701,0,4,0,0
666666,2,0,1,0,0,3,0,0
800000,3,1,1,172846,1,5,0,0
1000000,3,1,0,649024,0,4,0,0
500000,0,1,1,1177131,0,2,0,0
833333,3,2,1,1034984,0,6,0,0
500000,1,2,3,2097968,0,6,0,0
625000,4,1,3,391988,1,8,0,0
750000,2,1,1,698279,1,4,3,1
714285,5,0,2,0,0,7,0,0
1000000,4,0,0,0,0,4,0,0
666666,3,1,2,468773,2,6,0,0
750000,2,4,2,1020053,2,8,0,0
714285,3,2,2,1438066,2,7,0,0
1000000,2,0,0,0,0,2,0,0
666666,2,0,1,0,0,3,0,0
500000,2,1,3,507890,1,6,0,0
1000000,1,0,0,0,0,1,0,0
1000000,5,0,0,0,0,5,0,0
1000000,6,0,0,0,0,6,0,0
1000000,4,1,0,993461,0,5,0,0
200000,0,1,4,1500594,3,5,0,0
875000,7,0,1,0,0,8,0,0
857142,5,1,1,493937,1,7,0,0
1000000,2,0,0,0,0,2,0,0
1000000,3,0,0,0,0,3,0,0
1000000,3,1,0,574419,0,4,0,0
500000,0,2,2,1010060,0,4,0,0
714285,4,1,2,419484,2,7,0,0
1000000,6,1,0,700230,0,7,0,0
833333,5,0,1,0,0,6,0,0
857142,5,1,1,383392,1,7,0,0
750000,3,3,2,1782495,1,8,2,0
500000,2,0,2,0,2,4,0,0
714285,3,2,2,904750,1,7,0,0
428571,2,1,4,34135,4,7,0,0
500000,1,2,3,815623,3,6,0,1
1000000,4,0,0,0,0,4,0,0
875000,5,2,1,660361,1,8,0,0
1000000,0,0,0,0,0,0,0,0
1000000,4,4,0,1200200,0,8,0,1
666666,2,2,2,341979,2,6,0,0
1000000,7,1,0,656847,0,8,0,0
1000000,1,0,0,0,0,1,0,0
666666,2,0,1,0,0,3,0,0
833333,4,1,1,63627,1,6,0,0
800000,3,1,1,1218638,0,5,3,0
666666,2,0,1,0,0,3,0,0
714285,0,5,2,1548288,2,7,0,0
1000000,1,0,0,0,0,1,0,0
1000000,1,1,0,535909,0,2,0,0
800000,3,1,1,420316,0,5,1,0
750000,2,1,1,609733,1,4,0,0
666666,1,1,1,70961,0,3,0,0
1000000,5,0,0,0,0,5,0,0
666666,2,2,2,295136,0,6,3,0
1000000,1,0,0,0,0,1,0,0
857142,6,0,1,0,1,7,0,0
250000,0,2,6,755319,6,8,0,1
666666,1,1,1,557509,0,3,0,0
1000000,7,0,0,0,0,7,0,0
250000,0,1,3,1150652,3,4,0,0
400000,1,1,3,2333555,2,5,0,1
600000,0,3,2,1092060,2,5,0,1
875000,7,0,1,0,1,8,0,0
1000000,6,2,0,1135159,0,8,0,0
1000000,2,1,0,871510,0,3,0,0
1000000,4,0,0,0,0,4,0,0
166666,1,0,5,0,5,6,0,0
750000,2,1,1,702571,1,4,0,0
800000,0,4,1,1380090,1,5,0,0
400000,2,0,3,0,2,5,0,1
1000000,5,2,0,535122,0,7,0,0
1000000,1,1,0,1217056,0,2,0,0
500000,1,1,2,964139,1,4,0,1
1000000,3,0,0,0,0,3,0,0
1000000,0,0,0,0,0,0,3,1
750000,2,1,1,434656,0,4,0,0
1000000,5,0,0,0,0,5,0,0
1000000,3,4,0,2266927,0,7,0,0
1000000,4,2,0,1446092,0,6,0,0
500000,1,2,3,1438972,0,6,0,0
1000000,6,1,0,692136,0,7,0,0
750000,3,0,1,0,1,4,0,0
1000000,4,0,0,0,0,4,0,0
714285,1,4,2,1369096,2,7,0,1
1000000,8,0,0,0,0,8,0,0
1000000,7,1,0,636489,0,8,0,0
600000,3,0,2,0,0,5,0,0
1000000,7,0,0,0,0,7,0,0
1000000,7,0,0,0,0,7,0,0
875000,5,2,1,569037,0,8,0,0
800000,3,1,1,404596,0,5,0,0
1000000,1,0,0,0,0,1,0,0
666666,4,0,2,0,1,6,0,0
571428,3,1,3,1556403,0,7,0,0
1000000,4,0,0,0,0,4,0,0
400000,0,2,3,1222320,3,5,0,1
571428,2,2,3,1280809,3,7,0,0
833333,3,2,1,58192,0,6,0,0
833333,4,1,1,1097975,0,6,0,0
1000000,5,2,0,573896,0,7,0,0
250000,0,2,6,403624,6,8,0,1
1000000,5,1,0,548920,0,6,0,0
833333,4,1,1,95182,1,6,0,0
400000,1,1,3,262979,3,5,0,0
500000,1,0,1,0,0,2,0,1
285714,1,1,5,1418923,2,7,0,1
1000000,5,0,0,0,0,5,1,0
1000000,2,1,0,643501,0,3,0,0
666666,2,0,1,0,0,3,3,0
750000,4,2,2,1436236,2,8,0,0
1000000,5,3,0,680065,0,8,0,0
1000000,3,1,0,534001,0,4,0,0
1000000,7,0,0,0,0,7,0,0
1000000,4,1,0,1092392,0,5,0,0
750000,4,2,2,1509640,2,8,0,0
1000000,2,0,0,0,0,2,0,0
800000,4,0,1,0,1,5,3,0
428571,2,1,4,1500815,3,7,0,1
800000,4,0,1,0,0,5,0,0
714285,5,0,2,0,0,7,0,0
500000,2,1,3,1573252,2,6,0,1
1000000,2,0,0,0,0,2,0,0
500000,1,0,1,0,0,2,0,0
875000,5,2,1,367269,1,8,0,1
1000000,3,0,0,0,0,3,0,0
500000,1,3,4,1379826,3,8,3,1
600000,3,0,2,0,1,5,0,0
600000,1,2,2,977316,1,5,0,0
714285,4,1,2,801790,1,7,2,1
1000000,1,0,0,0,0,1,0,0
875000,6,1,1,561503,1,8,0,0
1000000,4,0,0,0,0,4,0,0
875000,2,5,1,627079,1,8,0,0
1000000,6,0,0,0,0,6,0,0
666666,1,3,2,2114281,2,6,0,0
875000,6,1,1,1067027,1,8,0,0
375000,2,1,5,277537,1,8,0,1
500000,3,1,4,650840,3,8,0,1
857142,2,4,1,1968318,0,7,0,0
875000,7,0,1,0,1,8,2,0
375000,2,1,5,707248,3,8,0,0
1000000,7,0,0,0,0,7,0,0
1000000,6,0,0,0,0,6,0,0
571428,0,4,3,2154778,3,7,0,0
833333,4,1,1,252566,1,6,0,0
833333,4,1,1,297336,0,6,2,0
857142,4,2,1,1840299,0,7,0,0
1000000,0,0,0,0,0,0,0,0
1000000,3,1,0,418241,0,4,0,1
1000000,1,1,0,454455,0,2,0,0
800000,3,1,1,1269368,1,5,0,1
1000000,3,2,0,404976,0,5,0,0
857142,4,2,1,431244,0,7,0,0
875000,5,2,1,1464481,0,8,2,0
1000000,2,1,0,1095035,0,3,0,0
1000000,6,0,0,0,0,6,0,0
714285,2,3,2,1856489,2,7,0,1
1000000,3,1,0,545085,0,4,0,0
571428,3,1,3,424802,3,7,0,1
857142,5,1,1,90954,0,7,0,0
250000,0,1,3,545834,3,4,3,1
875000,6,1,1,684441,1,8,0,0
833333,5,0,1,0,0,6,0,0
333333,1,1,4,1042163,3,6,0,1
666666,4,0,2,0,1,6,0,0
500000,3,1,4,624415,1,8,3,0
857142,4,2,1,876006,1,7,0,0
500000,4,0,4,0,4,8,0,0
666666,3,1,2,1404368,2,6,0,0
625000,5,0,3,0,1,8,0,0
1000000,7,0,0,0,0,7,0,0
1000000,2,2,0,1369687,0,4,0,0
1000000,0,0,0,0,0,0,0,0
571428,2,2,3,2172147,0,7,0,0
666666,2,0,1,0,1,3,0,0
1000000,4,1,0,658576,0,5,0,0
428571,1,2,4,1571234,4,7,0,1
1000000,4,0,0,0,0,4,0,0
1000000,2,0,0,0,0,2,0,0
875000,6,1,1,1719518,1,8,0,0
666666,2,0,1,0,0,3,0,0
666666,3,1,2,352015,2,6,0,0
800000,0,4,1,1665821,1,5,0,0
500000,1,0,1,0,0,2,0,0
1000000,6,0,0,0,0,6,0,0
666666,3,1,2,481925,2,6,0,0
833333,3,2,1,104546,0,6,0,0
857142,4,2,1,619613,1,7,0,0
625000,4,1,3,1327722,0,8,0,0
625000,5,0,3,0,2,8,0,1
750000,2,1,1,167632,1,4,0,0
571428,3,1,3,1101254,3,7,1,0
833333,4,1,1,1461841,1,6,2,0
625000,0,5,3,1270348,2,8,3,1
666666,3,1,2,424238,0,6,0,0
428571,0,3,4,557097,4,7,0,1
600000,2,1,2,1281998,2,5,0,0
571428,4,0,3,0,1,7,0,0
600000,3,0,2,0,1,5,0,0
500000,4,0,4,0,1,8,0,0
714285,3,2,2,2405632,1,7,0,0
666666,4,0,2,0,0,6,0,0
800000,2,2,1,748697,0,5,2,1
857142,4,2,1,1118107,1,7,0,0
1000000,4,1,0,270352,0,5,0,0
666666,2,2,2,532825,0,6,0,0
666666,2,0,1,0,1,3,0,0
1000000,1,0,0,0,0,1,0,1
1000000,7,0,0,0,0,7,0,0
666666,4,0,2,0,0,6,0,0
1000000,7,0,0,0,0,7,0,0
750000,3,0,1,0,0,4,0,0
666666,2,0,1,0,0,3,0,0
833333,5,0,1,0,0,6,0,0
833333,5,0,1,0,0,6,0,0
1000000,0,0,0,0,0,0,0,0
1000000,3,0,0,0,0,3,2,0
500000,0,2,2,2390948,1,4,0,1
1000000,0,0,0,0,0,0,0,0
1000000,4,0,0,0,0,4,0,0
666666,2,0,1,0,1,3,0,0
1000000,3,5,0,1912498,0,8,0,1
600000,3,0,2,0,0,5,0,0
500000,1,1,2,1010118,0,4,0,0
666666,3,1,2,1210483,2,6,0,0
800000,2,2,1,1346000,1,5,0,1
666666,0,4,2,1117905,2,6,0,0
1000000,3,3,0,807969,0,6,0,1
750000,2,1,1,382431,1,4,2,0
1000000,7,0,0,0,0,7,0,0
1000000,7,0,0,0,0,7,0,0
1000000,3,0,0,0,0,3,0,0
1000000,2,0,0,0,0,2,0,0
1000000,7,0,0,0,0,7,0,0
875000,6,1,1,292847,1,8,0,0
1000000,2,3,0,1071758,0,5,1,1
750000,4,2,2,834171,1,8,0,1
800000,3,1,1,670308,0,5,0,0
875000,7,0,1,0,1,8,0,0
800000,3,1,1,1014072,0,5,3,0
428571,2,1,4,18775,4,7,0,0
1000000,2,2,0,1208584,0,4,0,0
750000,1,5,2,735581,2,8,0,0
833333,3,2,1,425652,1,6,0,0
875000,6,1,1,842534,0,8,0,0
750000,3,0,1,0,0,4,0,0
500000,2,1,3,896742,0,6,0,0
1000000,1,4,0,1960674,0,5,1,1
1000000,5,0,0,0,0,5,2,0
750000,3,0,1,0,0,4,0,0
800000,4,0,1,0,0,5,0,0
1000000,2,0,0,0,0,2,0,0
1000000,3,0,0,0,0,3,0,0
750000,3,0,1,0,0,4,0,0
800000,4,0,1,0,1,5,0,0
800000,4,0,1,0,0,5,0,0
166666,0,1,5,992119,5,6,0,1
666666,1,1,1,1957536,0,3,0,0
500000,1,0,1,0,0,2,0,0
1000000,5,0,0,0,0,5,0,0
875000,7,0,1,0,1,8,0,0
750000,4,2,2,1231693,2,8,0,0
1000000,4,0,0,0,0,4,0,0
750000,1,2,1,1224976,0,4,1,0
666666,2,0,1,0,0,3,0,0
750000,1,2,1,2304520,1,4,0,0
0,0,0,3,0,0,3,0,1
571428,3,1,3,440351,2,7,0,0
1000000,2,0,0,0,0,2,0,0
1000000,4,0,0,0,0,4,0,0
1000000,6,0,0,0,0,6,0,0
625000,3,2,3,1269430,1,8,0,1
1000000,6,2,0,815476,0,8,0,0
1000000,4,0,0,0,0,4,0,0
500000,3,0,3,0,1,6,0,0
1000000,4,0,0,0,0,4,0,0
571428,4,0,3,0,3,7,0,0
1000000,2,0,0,0,0,2,0,0
750000,5,1,2,1374465,2,8,0,0
1000000,6,0,0,0,0,6,0,0
1000000,5,0,0,0,0,5,0,0
1000000,1,0,0,0,0,1,0,0
800000,3,1,1,1364719,1,5,0,0
1000000,1,0,0,0,0,1,0,0
857142,6,0,1,0,0,7,0,0
750000,4,2,2,1307922,1,8,2,1
1000000,3,1,0,109783,0,4,0,0
833333,3,2,1,1544675,0,6,0,0
875000,6,1,1,1176377,1,8,0,0
1000000,2,1,0,742865,0,3,2,0
833333,4,1,1,1852413,1,6,1,0
857142,6,0,1,0,1,7,0,0
600000,3,0,2,0,2,5,0,0
600000,2,1,2,333315,2,5,0,0
833333,3,2,1,1247127,0,6,0,0
500000,1,0,1,0,0,2,0,0
1000000,4,0,0,0,0,4,0,0
857142,4,2,1,1581261,0,7,0,0
1000000,3,2,0,1101748,0,5,0,0
1000000,6,0,0,0,0,6,0,0
0,0,0,2,0,0,2,0,0
666666,3,1,2,300464,1,6,0,0
375000,1,2,5,1818119,1,8,0,0
571428,4,0,3,0,0,7,0,0
1000000,0,0,0,0,0,0,0,0
750000,5,1,2,1180313,0,8,0,0
1000000,4,2,0,1610536,0,6,0,0
625000,5,0,3,0,3,8,0,0
500000,1,0,1,0,0,2,0,0
800000,4,0,1,0,1,5,0,0
833333,5,0,1,0,1,6,0,0
1000000,6,0,0,0,0,6,0,0
1000000,5,0,0,0,0,5,0,0
1000000,4,1,0,235321,0,5,0,0
1000000,0,4,0,1892918,0,4,0,0
1000000,5,0,0,0,0,5,0,0
833333,5,0,1,0,1,6,0,0
500000,0,2,2,1430713,0,4,2,1
500000,1,3,4,1287507,3,8,0,1
428571,2,1,4,1269920,3,7,0,0
333333,0,1,2,218378,1,3,0,1
428571,2,1,4,1540774,2,7,0,0
1000000,2,1,0,101721,0,3,0,1
1000000,5,0,0,0,0,5,0,0
1000000,5,3,0,1143980,0,8,0,0
1000000,3,0,0,0,0,3,0,0
1000000,3,0,0,0,0,3,3,0
1000000,2,1,0,381147,0,3,0,0
1000000,3,2,0,728723,0,5,0,0
1000000,5,1,0,366625,0,6,0,0
400000,1,1,3,289229,2,5,0,0
666666,4,0,2,0,2,6,0,0
166666,0,1,5,226360,5,6,0,0
750000,1,2,1,1336714,1,4,0,0
1000000,5,1,0,181739,0,6,0,0
1000000,4,2,0,249349,0,6,0,0
571428,2,2,3,655219,1,7,0,1
1000000,4,0,0,0,0,4,0,0
857142,5,1,1,953058,1,7,0,0
857142,4,2,1,894924,0,7,0,1
571428,3,1,3,1929674,1,7,0,0
857142,6,0,1,0,1,7,0,0
600000,2,1,2,841933,0,5,0,0
1000000,4,1,0,435105,0,5,0,0
800000,3,1,1,784169,1,5,0,0
1000000,5,0,0,0,0,5,0,0
875000,6,1,1,300634,1,8,0,0
1000000,5,0,0,0,0,5,0,0
750000,5,1,2,485937,2,8,0,0
500000,0,3,3,1182281,2,6,0,1
1000000,2,1,0,823162,0,3,0,0
1000000,6,0,0,0,0,6,0,0
500000,1,0,1,0,1,2,0,0
714285,4,1,2,1546746,1,7,0,0
1000000,2,0,0,0,0,2,0,0
714285,4,1,2,1900236,2,7,0,0
1000000,4,0,0,0,0,4,0,0
500000,3,1,4,381994,4,8,0,0
875000,4,3,1,992803,1,8,0,0
750000,2,1,1,1419720,1,4,0,0
166666,0,1,5,44820,5,6,0,1
666666,2,0,1,0,0,3,3,0
1000000,2,4,0,921348,0,6,0,0
1000000,0,0,0,0,0,0,0,0
750000,3,0,1,0,0,4,0,0
1000000,4,1,0,175820,0,5,0,0
1000000,5,2,0,1053226,0,7,0,0
875000,5,2,1,725382,1,8,0,0
1000000,4,2,0,1028020,0,6,1,0
1000000,6,1,0,191940,0,7,0,0
0,0,0,3,0,2,3,0,1
833333,5,0,1,0,0,6,0,0
1000000,4,1,0,59425,0,5,0,0
1000000,6,2,0,272925,0,8,0,0
625000,4,1,3,1208328,2,8,0,0
1000000,1,0,0,0,0,1,0,1
800000,3,1,1,352778,1,5,0,1
333333,2,0,4,0,0,6,0,0
750000,3,3,2,1152205,1,8,0,0
1000000,3,1,0,640890,0,4,0,0
1000000,5,1,0,1357197,0,6,0,0
625000,3,2,3,1223265,2,8,1,0
714285,1,4,2,2130697,1,7,0,1
714285,5,0,2,0,2,7,0,0
875000,6,1,1,698656,1,8,0,0
1000000,5,1,0,955710,0,6,0,0
1000000,3,1,0,1304399,0,4,0,0
875000,1,6,1,1151326,0,8,0,1
714285,2,3,2,1522454,0,7,0,1
333333,1,1,4,2575182,1,6,2,1
750000,3,0,1,0,1,4,0,0
625000,3,2,3,2111515,1,8,0,1
1000000,6,2,0,950266,0,8,0,0
875000,7,0,1,0,1,8,0,0
1000000,2,1,0,602736,0,3,0,0
1000000,5,0,0,0,0,5,0,0
1000000,3,1,0,291235,0,4,0,0
375000,1,2,5,959659,5,8,0,1
500000,0,2,2,1823546,2,4,2,1
1000000,5,0,0,0,0,5,0,0
666666,2,0,1,0,1,3,0,0
1000000,1,0,0,0,0,1,0,0
1000000,4,3,0,1051689,0,7,0,0
1000000,5,3,0,1500600,0,8,0,0
666666,2,0,1,0,0,3,0,0
833333,4,1,1,936014,1,6,0,0
714285,2,3,2,1292847,0,7,0,0
1000000,3,1,0,1407846,0,4,0,0
500000,2,2,4,1450814,3,8,0,1
666666,3,1,2,875921,2,6,0,0
666666,1,3,2,2204867,2,6,0,1
500000,1,1,2,1436171,1,4,0,0
750000,5,1,2,78786,2,8,0,0
833333,5,0,1,0,0,6,0,0
666666,3,1,2,1251858,0,6,0,0
1000000,0,0,0,0,0,0,0,0
1000000,5,2,0,467090,0,7,0,0
1000000,3,0,0,0,0,3,0,0
250000,1,0,3,0,2,4,2,1
714285,3,2,2,1565879,0,7,0,0
833333,5,0,1,0,0,6,0,0
833333,4,1,1,574942,0,6,2,0
1000000,2,1,0,336508,0,3,0,0
1000000,7,1,0,1045708,0,8,0,0
428571,1,2,4,1289733,3,7,0,1
875000,3,4,1,1834172,1,8,0,0
1000000,0,1,0,415744,0,1,0,0
750000,3,0,1,0,0,4,0,0
750000,3,0,1,0,0,4,0,0
375000,2,1,5,1172752,0,8,0,0
1000000,3,0,0,0,0,3,0,0
375000,3,0,5,0,5,8,3,1
714285,4,1,2,948867,1,7,2,0
500000,3,1,4,256663,2,8,2,0
750000,6,0,2,0,0,8,0,0
666666,1,1,1,173027,0,3,0,0
666666,1,1,1,555049,1,3,0,1
1000000,2,1,0,115677,0,3,0,0
1000000,2,2,0,897668,0,4,0,0
750000,3,0,1,0,0,4,0,0
1000000,8,0,0,0,0,8,0,0
1000000,2,0,0,0,0,2,0,0
1000000,4,1,0,1008934,0,5,0,0
875000,4,3,1,1723667,1,8,2,1
714285,3,2,2,1473620,2,7,0,1
1000000,3,2,0,1664307,0,5,0,0
500000,1,0,1,0,1,2,0,0
1000000,2,3,0,1664393,0,5,0,0
875000,7,0,1,0,1,8,0,0
1000000,4,0,0,0,0,4,0,0
750000,1,2,1,1999075,0,4,1,0
800000,3,1,1,577921,1,5,0,0
1000000,2,2,0,1027073,0,4,0,0
666666,2,2,2,1982170,0,6,0,1
833333,5,0,1,0,1,6,0,0
1000000,5,2,0,1367154,0,7,0,0
750000,0,6,2,1233165,2,8,1,0
